timestamp,stem_side,confidence,deciding_approach,approach1_side,approach1_conf,approach2_side,approach2_conf,approach3_side,approach3_conf,processing_ms,signal_sent,image_saved
2026-05-17T18:02:12.429658,RIGHT,10.0,1,UNCERTAIN,0.0,RIGHT,28.6,UNCERTAIN,0.0,205.4,False,uncertain_20260517_180212_421141_conf10_RIGHT.jpg
2026-05-17T18:02:12.709304,LEFT,2.2,1,UNCERTAIN,0.0,LEFT,6.2,UNCERTAIN,0.0,196.1,False,uncertain_20260517_180212_707954_conf2_LEFT.jpg
2026-05-17T18:02:12.917145,RIGHT,15.0,1,UNCERTAIN,0.0,RIGHT,42.8,UNCERTAIN,0.0,193.3,False,uncertain_20260517_180212_915349_conf15_RIGHT.jpg
2026-05-17T18:02:13.135907,RIGHT,3.6,1,UNCERTAIN,0.0,RIGHT,10.4,UNCERTAIN,0.0,199.8,False,uncertain_20260517_180213_134736_conf4_RIGHT.jpg
2026-05-17T18:02:13.332745,RIGHT,4.7,1,UNCERTAIN,0.0,RIGHT,13.4,UNCERTAIN,0.0,190.0,False,uncertain_20260517_180213_331816_conf5_RIGHT.jpg
2026-05-17T18:02:13.560097,RIGHT,5.0,1,UNCERTAIN,0.0,RIGHT,14.2,UNCERTAIN,0.0,208.2,False,uncertain_20260517_180213_558951_conf5_RIGHT.jpg
2026-05-17T18:02:13.765600,RIGHT,3.9,1,UNCERTAIN,0.0,RIGHT,11.0,UNCERTAIN,0.0,197.4,False,uncertain_20260517_180213_764516_conf4_RIGHT.jpg
2026-05-17T18:02:13.970716,RIGHT,4.1,1,UNCERTAIN,0.0,RIGHT,11.7,UNCERTAIN,0.0,197.4,False,uncertain_20260517_180213_969643_conf4_RIGHT.jpg
2026-05-17T18:02:14.168936,RIGHT,4.9,1,UNCERTAIN,0.0,RIGHT,13.9,UNCERTAIN,0.0,190.7,False,uncertain_20260517_180214_168007_conf5_RIGHT.jpg
2026-05-17T18:02:14.371391,RIGHT,3.8,1,UNCERTAIN,0.0,RIGHT,10.8,UNCERTAIN,0.0,192.0,False,uncertain_20260517_180214_369691_conf4_RIGHT.jpg
2026-05-17T18:02:14.578364,RIGHT,2.8,1,UNCERTAIN,0.0,RIGHT,7.9,UNCERTAIN,0.0,192.8,False,uncertain_20260517_180214_577248_conf3_RIGHT.jpg
2026-05-17T18:02:14.801755,RIGHT,3.3,1,UNCERTAIN,0.0,RIGHT,9.4,UNCERTAIN,0.0,205.0,False,uncertain_20260517_180214_800656_conf3_RIGHT.jpg
2026-05-17T18:02:15.000236,RIGHT,4.1,1,UNCERTAIN,0.0,RIGHT,11.7,UNCERTAIN,0.0,190.8,False,uncertain_20260517_180214_998941_conf4_RIGHT.jpg
2026-05-17T18:02:15.215834,RIGHT,3.2,1,UNCERTAIN,0.0,RIGHT,9.1,UNCERTAIN,0.0,191.5,False,uncertain_20260517_180215_213563_conf3_RIGHT.jpg
2026-05-17T18:02:15.423590,RIGHT,11.4,1,UNCERTAIN,0.0,RIGHT,32.6,UNCERTAIN,0.0,199.8,False,uncertain_20260517_180215_422432_conf11_RIGHT.jpg
2026-05-17T18:02:15.622597,RIGHT,9.1,1,UNCERTAIN,0.0,RIGHT,26.1,UNCERTAIN,0.0,188.7,False,uncertain_20260517_180215_621464_conf9_RIGHT.jpg
2026-05-17T18:02:15.821440,RIGHT,15.0,1,UNCERTAIN,0.0,RIGHT,42.9,UNCERTAIN,0.0,190.4,False,uncertain_20260517_180215_819917_conf15_RIGHT.jpg
2026-05-17T18:02:16.022044,RIGHT,12.7,1,UNCERTAIN,0.0,RIGHT,36.3,UNCERTAIN,0.0,190.8,False,uncertain_20260517_180216_020985_conf13_RIGHT.jpg
2026-05-17T18:02:16.267886,RIGHT,12.2,1,UNCERTAIN,0.0,RIGHT,34.9,UNCERTAIN,0.0,229.7,False,uncertain_20260517_180216_266169_conf12_RIGHT.jpg
2026-05-17T18:02:16.539843,RIGHT,14.1,1,UNCERTAIN,0.0,RIGHT,40.4,UNCERTAIN,0.0,260.7,False,uncertain_20260517_180216_538576_conf14_RIGHT.jpg
2026-05-17T18:02:16.742967,LEFT,17.7,1,UNCERTAIN,0.0,LEFT,50.4,UNCERTAIN,0.0,195.9,False,uncertain_20260517_180216_741797_conf18_LEFT.jpg
2026-05-17T18:02:16.967856,LEFT,13.9,1,UNCERTAIN,0.0,LEFT,39.6,UNCERTAIN,0.0,209.1,False,uncertain_20260517_180216_966580_conf14_LEFT.jpg
2026-05-17T18:02:17.170031,RIGHT,12.2,1,UNCERTAIN,0.0,RIGHT,35.0,UNCERTAIN,0.0,195.2,False,uncertain_20260517_180217_168657_conf12_RIGHT.jpg
2026-05-17T18:02:17.431734,RIGHT,5.2,1,UNCERTAIN,0.0,RIGHT,14.8,UNCERTAIN,0.0,237.9,False,uncertain_20260517_180217_429422_conf5_RIGHT.jpg
2026-05-17T18:02:17.636624,RIGHT,5.4,1,UNCERTAIN,0.0,RIGHT,15.4,UNCERTAIN,0.0,194.8,False,uncertain_20260517_180217_635596_conf5_RIGHT.jpg
2026-05-17T18:02:17.845138,RIGHT,3.5,1,UNCERTAIN,0.0,RIGHT,10.0,UNCERTAIN,0.0,198.4,False,uncertain_20260517_180217_842739_conf4_RIGHT.jpg
2026-05-17T18:02:18.058313,RIGHT,3.1,1,UNCERTAIN,0.0,RIGHT,9.0,UNCERTAIN,0.0,197.3,False,uncertain_20260517_180218_057240_conf3_RIGHT.jpg
2026-05-17T18:02:18.258738,RIGHT,4.3,1,UNCERTAIN,0.0,RIGHT,12.3,UNCERTAIN,0.0,193.0,False,uncertain_20260517_180218_257648_conf4_RIGHT.jpg
2026-05-17T18:02:18.496644,RIGHT,5.0,1,UNCERTAIN,0.0,RIGHT,14.3,UNCERTAIN,0.0,223.2,False,uncertain_20260517_180218_495552_conf5_RIGHT.jpg
2026-05-17T18:02:18.730433,RIGHT,5.8,1,UNCERTAIN,0.0,RIGHT,16.6,UNCERTAIN,0.0,226.2,False,uncertain_20260517_180218_729038_conf6_RIGHT.jpg
2026-05-17T18:02:18.935335,RIGHT,6.0,1,UNCERTAIN,0.0,RIGHT,17.2,UNCERTAIN,0.0,196.3,False,uncertain_20260517_180218_934196_conf6_RIGHT.jpg
2026-05-17T18:02:19.135426,RIGHT,6.0,1,UNCERTAIN,0.0,RIGHT,17.2,UNCERTAIN,0.0,188.5,False,uncertain_20260517_180219_134144_conf6_RIGHT.jpg
2026-05-17T18:02:19.334752,RIGHT,5.2,1,UNCERTAIN,0.0,RIGHT,14.8,UNCERTAIN,0.0,188.0,False,uncertain_20260517_180219_333633_conf5_RIGHT.jpg
2026-05-17T18:02:19.537254,RIGHT,5.0,1,UNCERTAIN,0.0,RIGHT,14.4,UNCERTAIN,0.0,195.1,False,uncertain_20260517_180219_536152_conf5_RIGHT.jpg
2026-05-17T18:02:19.738502,RIGHT,5.3,1,UNCERTAIN,0.0,RIGHT,15.1,UNCERTAIN,0.0,186.9,False,uncertain_20260517_180219_737398_conf5_RIGHT.jpg
2026-05-17T18:02:19.937555,RIGHT,5.5,1,UNCERTAIN,0.0,RIGHT,15.8,UNCERTAIN,0.0,190.4,False,uncertain_20260517_180219_936186_conf6_RIGHT.jpg
2026-05-17T18:02:20.200105,RIGHT,5.8,1,UNCERTAIN,0.0,RIGHT,16.5,UNCERTAIN,0.0,245.7,False,uncertain_20260517_180220_199015_conf6_RIGHT.jpg
2026-05-17T18:02:20.419642,RIGHT,6.1,1,UNCERTAIN,0.0,RIGHT,17.5,UNCERTAIN,0.0,206.8,False,uncertain_20260517_180220_418387_conf6_RIGHT.jpg
2026-05-17T18:02:20.627697,RIGHT,6.6,1,UNCERTAIN,0.0,RIGHT,18.8,UNCERTAIN,0.0,194.3,False,uncertain_20260517_180220_626567_conf7_RIGHT.jpg
2026-05-17T18:02:20.860827,RIGHT,7.0,1,UNCERTAIN,0.0,RIGHT,19.9,UNCERTAIN,0.0,220.1,False,uncertain_20260517_180220_859723_conf7_RIGHT.jpg
2026-05-17T18:02:21.079183,RIGHT,6.2,1,UNCERTAIN,0.0,RIGHT,17.6,UNCERTAIN,0.0,206.0,False,uncertain_20260517_180221_078027_conf6_RIGHT.jpg
2026-05-17T18:02:21.278478,RIGHT,5.6,1,UNCERTAIN,0.0,RIGHT,15.9,UNCERTAIN,0.0,191.9,False,uncertain_20260517_180221_277216_conf6_RIGHT.jpg
2026-05-17T18:02:21.477904,RIGHT,5.7,1,UNCERTAIN,0.0,RIGHT,16.4,UNCERTAIN,0.0,186.5,False,uncertain_20260517_180221_476847_conf6_RIGHT.jpg
2026-05-17T18:02:21.689418,RIGHT,5.3,1,UNCERTAIN,0.0,RIGHT,15.0,UNCERTAIN,0.0,194.1,False,uncertain_20260517_180221_688230_conf5_RIGHT.jpg
2026-05-17T18:02:21.894097,RIGHT,5.9,1,UNCERTAIN,0.0,RIGHT,16.8,UNCERTAIN,0.0,188.7,False,uncertain_20260517_180221_892847_conf6_RIGHT.jpg
2026-05-17T18:02:22.091571,RIGHT,5.7,1,UNCERTAIN,0.0,RIGHT,16.3,UNCERTAIN,0.0,189.0,False,uncertain_20260517_180222_089514_conf6_RIGHT.jpg
2026-05-17T18:02:23.459161,RIGHT,5.7,1,UNCERTAIN,0.0,RIGHT,16.3,UNCERTAIN,0.0,207.3,False,uncertain_20260517_180223_458013_conf6_RIGHT.jpg
2026-05-17T18:02:23.690430,RIGHT,6.0,1,UNCERTAIN,0.0,RIGHT,17.0,UNCERTAIN,0.0,218.9,False,uncertain_20260517_180223_688196_conf6_RIGHT.jpg
2026-05-17T18:02:23.939465,RIGHT,5.9,1,UNCERTAIN,0.0,RIGHT,16.8,UNCERTAIN,0.0,239.3,False,uncertain_20260517_180223_938428_conf6_RIGHT.jpg
2026-05-17T18:02:24.153837,RIGHT,6.3,1,UNCERTAIN,0.0,RIGHT,17.9,UNCERTAIN,0.0,206.5,False,uncertain_20260517_180224_152765_conf6_RIGHT.jpg
2026-05-17T18:02:24.360809,RIGHT,5.8,1,UNCERTAIN,0.0,RIGHT,16.4,UNCERTAIN,0.0,194.9,False,uncertain_20260517_180224_359776_conf6_RIGHT.jpg
2026-05-17T18:02:24.561339,RIGHT,5.7,1,UNCERTAIN,0.0,RIGHT,16.4,UNCERTAIN,0.0,192.9,False,uncertain_20260517_180224_560292_conf6_RIGHT.jpg
2026-05-17T18:02:24.766057,RIGHT,6.2,1,UNCERTAIN,0.0,RIGHT,17.6,UNCERTAIN,0.0,197.3,False,uncertain_20260517_180224_764917_conf6_RIGHT.jpg
2026-05-17T18:02:24.967312,RIGHT,6.0,1,UNCERTAIN,0.0,RIGHT,17.1,UNCERTAIN,0.0,193.2,False,uncertain_20260517_180224_966324_conf6_RIGHT.jpg
2026-05-17T18:02:25.165595,RIGHT,5.3,1,UNCERTAIN,0.0,RIGHT,15.2,UNCERTAIN,0.0,190.6,False,uncertain_20260517_180225_164312_conf5_RIGHT.jpg
2026-05-17T18:02:25.371464,RIGHT,5.3,1,UNCERTAIN,0.0,RIGHT,15.3,UNCERTAIN,0.0,197.9,False,uncertain_20260517_180225_370379_conf5_RIGHT.jpg
2026-05-17T18:02:26.911622,RIGHT,7.6,1,UNCERTAIN,0.0,RIGHT,21.7,UNCERTAIN,0.0,231.9,False,uncertain_20260517_180226_910491_conf8_RIGHT.jpg
2026-05-17T18:02:27.125622,RIGHT,6.6,1,UNCERTAIN,0.0,RIGHT,18.9,UNCERTAIN,0.0,204.0,False,uncertain_20260517_180227_124416_conf7_RIGHT.jpg
2026-05-17T18:02:27.334703,RIGHT,6.2,1,UNCERTAIN,0.0,RIGHT,17.6,UNCERTAIN,0.0,194.1,False,uncertain_20260517_180227_333209_conf6_RIGHT.jpg
2026-05-17T18:02:27.578496,RIGHT,6.4,1,UNCERTAIN,0.0,RIGHT,18.3,UNCERTAIN,0.0,230.3,False,uncertain_20260517_180227_575060_conf6_RIGHT.jpg
2026-05-17T18:02:27.792039,RIGHT,5.7,1,UNCERTAIN,0.0,RIGHT,16.1,UNCERTAIN,0.0,200.7,False,uncertain_20260517_180227_790952_conf6_RIGHT.jpg
2026-05-17T18:02:27.999110,RIGHT,5.9,1,UNCERTAIN,0.0,RIGHT,16.8,UNCERTAIN,0.0,194.0,False,uncertain_20260517_180227_998098_conf6_RIGHT.jpg
2026-05-17T18:02:28.198092,RIGHT,4.9,1,UNCERTAIN,0.0,RIGHT,14.0,UNCERTAIN,0.0,191.3,False,uncertain_20260517_180228_197029_conf5_RIGHT.jpg
2026-05-17T18:02:28.391090,RIGHT,5.4,1,UNCERTAIN,0.0,RIGHT,15.4,UNCERTAIN,0.0,185.9,False,uncertain_20260517_180228_390108_conf5_RIGHT.jpg
2026-05-17T18:02:28.586884,RIGHT,4.6,1,UNCERTAIN,0.0,RIGHT,13.1,UNCERTAIN,0.0,185.6,False,uncertain_20260517_180228_585853_conf5_RIGHT.jpg
2026-05-17T18:02:28.785752,RIGHT,6.1,1,UNCERTAIN,0.0,RIGHT,17.3,UNCERTAIN,0.0,191.3,False,uncertain_20260517_180228_784815_conf6_RIGHT.jpg
2026-05-17T18:02:28.983286,RIGHT,4.6,1,UNCERTAIN,0.0,RIGHT,13.3,UNCERTAIN,0.0,190.3,False,uncertain_20260517_180228_982147_conf5_RIGHT.jpg
2026-05-17T18:02:29.621627,RIGHT,5.9,1,UNCERTAIN,0.0,RIGHT,17.0,UNCERTAIN,0.0,187.0,False,uncertain_20260517_180229_620485_conf6_RIGHT.jpg
2026-05-17T18:02:29.823717,RIGHT,4.7,1,UNCERTAIN,0.0,RIGHT,13.6,UNCERTAIN,0.0,190.5,False,uncertain_20260517_180229_822668_conf5_RIGHT.jpg
2026-05-17T18:02:30.027179,RIGHT,5.4,1,UNCERTAIN,0.0,RIGHT,15.4,UNCERTAIN,0.0,197.0,False,uncertain_20260517_180230_026241_conf5_RIGHT.jpg
2026-05-17T18:02:30.237446,RIGHT,5.4,1,UNCERTAIN,0.0,RIGHT,15.5,UNCERTAIN,0.0,194.2,False,uncertain_20260517_180230_236277_conf5_RIGHT.jpg
2026-05-17T18:02:30.446494,RIGHT,5.9,1,UNCERTAIN,0.0,RIGHT,16.8,UNCERTAIN,0.0,202.4,False,uncertain_20260517_180230_445397_conf6_RIGHT.jpg
2026-05-17T18:02:31.587217,RIGHT,7.0,1,UNCERTAIN,0.0,RIGHT,20.0,UNCERTAIN,0.0,189.3,False,uncertain_20260517_180231_586131_conf7_RIGHT.jpg
2026-05-17T18:02:31.804233,RIGHT,8.4,1,UNCERTAIN,0.0,RIGHT,23.9,UNCERTAIN,0.0,197.5,False,uncertain_20260517_180231_803026_conf8_RIGHT.jpg
2026-05-17T18:02:32.008594,RIGHT,8.1,1,UNCERTAIN,0.0,RIGHT,23.2,UNCERTAIN,0.0,197.4,False,uncertain_20260517_180232_007529_conf8_RIGHT.jpg
2026-05-17T18:02:32.208087,RIGHT,5.4,1,UNCERTAIN,0.0,RIGHT,15.4,UNCERTAIN,0.0,191.2,False,uncertain_20260517_180232_205837_conf5_RIGHT.jpg
2026-05-17T18:02:32.413716,RIGHT,13.0,1,UNCERTAIN,0.0,RIGHT,37.1,UNCERTAIN,0.0,194.4,False,uncertain_20260517_180232_412420_conf13_RIGHT.jpg
2026-05-17T18:02:32.619240,LEFT,14.6,1,UNCERTAIN,0.0,LEFT,41.7,UNCERTAIN,0.0,199.4,False,uncertain_20260517_180232_618225_conf15_LEFT.jpg
2026-05-17T18:02:32.814445,LEFT,19.2,1,UNCERTAIN,0.0,LEFT,54.8,UNCERTAIN,0.0,188.2,False,uncertain_20260517_180232_813317_conf19_LEFT.jpg
2026-05-17T18:02:33.009857,LEFT,20.2,1,UNCERTAIN,0.0,LEFT,57.6,UNCERTAIN,0.0,187.9,False,uncertain_20260517_180233_008573_conf20_LEFT.jpg
2026-05-17T18:02:33.724671,LEFT,21.4,1,UNCERTAIN,0.0,LEFT,61.2,UNCERTAIN,0.0,187.7,False,uncertain_20260517_180233_723438_conf21_LEFT.jpg
2026-05-17T18:02:33.934564,LEFT,21.2,1,UNCERTAIN,0.0,LEFT,60.4,UNCERTAIN,0.0,201.9,False,uncertain_20260517_180233_933365_conf21_LEFT.jpg
2026-05-17T18:02:34.152458,LEFT,20.9,1,UNCERTAIN,0.0,LEFT,59.7,UNCERTAIN,0.0,199.9,False,uncertain_20260517_180234_151416_conf21_LEFT.jpg
2026-05-17T18:02:34.351918,LEFT,21.5,1,UNCERTAIN,0.0,LEFT,61.4,UNCERTAIN,0.0,191.9,False,uncertain_20260517_180234_350839_conf21_LEFT.jpg
2026-05-17T18:02:34.572597,LEFT,21.5,1,UNCERTAIN,0.0,LEFT,61.4,UNCERTAIN,0.0,211.4,False,uncertain_20260517_180234_571571_conf21_LEFT.jpg
2026-05-17T18:02:34.824869,LEFT,21.7,1,UNCERTAIN,0.0,LEFT,61.9,UNCERTAIN,0.0,236.8,False,uncertain_20260517_180234_822558_conf22_LEFT.jpg
2026-05-17T18:02:35.103020,LEFT,21.4,1,UNCERTAIN,0.0,LEFT,61.1,UNCERTAIN,0.0,266.9,False,uncertain_20260517_180235_101959_conf21_LEFT.jpg
2026-05-17T18:02:35.352015,LEFT,21.1,1,UNCERTAIN,0.0,LEFT,60.3,UNCERTAIN,0.0,233.5,False,uncertain_20260517_180235_350683_conf21_LEFT.jpg
2026-05-17T18:02:35.578910,LEFT,20.9,1,UNCERTAIN,0.0,LEFT,59.6,UNCERTAIN,0.0,213.3,False,uncertain_20260517_180235_577043_conf21_LEFT.jpg
2026-05-17T18:02:35.895677,LEFT,21.2,1,UNCERTAIN,0.0,LEFT,60.5,UNCERTAIN,0.0,304.4,False,uncertain_20260517_180235_893608_conf21_LEFT.jpg
2026-05-17T18:02:36.207945,LEFT,21.3,1,UNCERTAIN,0.0,LEFT,61.0,UNCERTAIN,0.0,300.8,False,uncertain_20260517_180236_206823_conf21_LEFT.jpg
2026-05-17T18:02:36.426866,RIGHT,11.5,1,UNCERTAIN,0.0,RIGHT,32.8,UNCERTAIN,0.0,209.6,False,uncertain_20260517_180236_425466_conf11_RIGHT.jpg
2026-05-17T18:02:36.641146,RIGHT,5.4,1,UNCERTAIN,0.0,RIGHT,15.4,UNCERTAIN,0.0,194.7,False,uncertain_20260517_180236_639963_conf5_RIGHT.jpg
2026-05-17T18:02:36.860318,RIGHT,6.4,1,UNCERTAIN,0.0,RIGHT,18.3,UNCERTAIN,0.0,204.2,False,uncertain_20260517_180236_858953_conf6_RIGHT.jpg
2026-05-17T18:02:37.084304,RIGHT,6.4,1,UNCERTAIN,0.0,RIGHT,18.2,UNCERTAIN,0.0,208.1,False,uncertain_20260517_180237_083291_conf6_RIGHT.jpg
2026-05-17T18:02:37.293137,RIGHT,4.8,1,UNCERTAIN,0.0,RIGHT,13.6,UNCERTAIN,0.0,193.4,False,uncertain_20260517_180237_291858_conf5_RIGHT.jpg
2026-05-17T18:02:37.536622,RIGHT,4.8,1,UNCERTAIN,0.0,RIGHT,13.8,UNCERTAIN,0.0,235.8,False,uncertain_20260517_180237_535632_conf5_RIGHT.jpg
2026-05-17T18:02:37.758995,RIGHT,5.3,1,UNCERTAIN,0.0,RIGHT,15.2,UNCERTAIN,0.0,210.3,False,uncertain_20260517_180237_757725_conf5_RIGHT.jpg
2026-05-17T18:02:37.956461,RIGHT,6.4,1,UNCERTAIN,0.0,RIGHT,18.2,UNCERTAIN,0.0,189.3,False,uncertain_20260517_180237_955407_conf6_RIGHT.jpg
2026-05-17T18:02:38.198317,RIGHT,7.4,1,UNCERTAIN,0.0,RIGHT,21.2,UNCERTAIN,0.0,221.9,False,uncertain_20260517_180238_197148_conf7_RIGHT.jpg
2026-05-17T18:02:38.405033,RIGHT,7.7,1,UNCERTAIN,0.0,RIGHT,22.0,UNCERTAIN,0.0,193.4,False,uncertain_20260517_180238_404028_conf8_RIGHT.jpg
2026-05-17T18:02:38.658747,RIGHT,6.8,1,UNCERTAIN,0.0,RIGHT,19.5,UNCERTAIN,0.0,242.7,False,uncertain_20260517_180238_657395_conf7_RIGHT.jpg
2026-05-17T18:02:38.897605,RIGHT,5.6,1,UNCERTAIN,0.0,RIGHT,16.1,UNCERTAIN,0.0,230.6,False,uncertain_20260517_180238_896411_conf6_RIGHT.jpg
2026-05-17T18:02:39.144671,RIGHT,6.2,1,UNCERTAIN,0.0,RIGHT,17.8,UNCERTAIN,0.0,231.9,False,uncertain_20260517_180239_143676_conf6_RIGHT.jpg
2026-05-17T18:02:39.373921,RIGHT,6.0,1,UNCERTAIN,0.0,RIGHT,17.1,UNCERTAIN,0.0,217.1,False,uncertain_20260517_180239_372850_conf6_RIGHT.jpg
2026-05-17T18:02:39.603374,RIGHT,7.0,1,UNCERTAIN,0.0,RIGHT,19.9,UNCERTAIN,0.0,213.0,False,uncertain_20260517_180239_602161_conf7_RIGHT.jpg
2026-05-17T18:02:39.810897,RIGHT,7.0,1,UNCERTAIN,0.0,RIGHT,20.1,UNCERTAIN,0.0,199.1,False,uncertain_20260517_180239_809910_conf7_RIGHT.jpg
2026-05-17T18:02:40.054004,RIGHT,6.4,1,UNCERTAIN,0.0,RIGHT,18.4,UNCERTAIN,0.0,229.0,False,uncertain_20260517_180240_052728_conf6_RIGHT.jpg
2026-05-17T18:02:40.275606,RIGHT,6.8,1,UNCERTAIN,0.0,RIGHT,19.3,UNCERTAIN,0.0,214.3,False,uncertain_20260517_180240_274494_conf7_RIGHT.jpg
2026-05-17T18:02:40.498322,RIGHT,6.3,1,UNCERTAIN,0.0,RIGHT,18.0,UNCERTAIN,0.0,186.9,False,uncertain_20260517_180240_497251_conf6_RIGHT.jpg
2026-05-17T18:02:40.721819,RIGHT,6.3,1,UNCERTAIN,0.0,RIGHT,18.0,UNCERTAIN,0.0,210.0,False,uncertain_20260517_180240_720637_conf6_RIGHT.jpg
2026-05-17T18:02:40.949921,RIGHT,6.9,1,UNCERTAIN,0.0,RIGHT,19.8,UNCERTAIN,0.0,217.7,False,uncertain_20260517_180240_948700_conf7_RIGHT.jpg
2026-05-17T18:02:41.156382,RIGHT,6.8,1,UNCERTAIN,0.0,RIGHT,19.4,UNCERTAIN,0.0,194.1,False,uncertain_20260517_180241_155179_conf7_RIGHT.jpg
2026-05-17T18:02:41.367066,RIGHT,5.3,1,UNCERTAIN,0.0,RIGHT,15.3,UNCERTAIN,0.0,190.2,False,uncertain_20260517_180241_365812_conf5_RIGHT.jpg
2026-05-17T18:02:41.577380,RIGHT,6.8,1,UNCERTAIN,0.0,RIGHT,19.4,UNCERTAIN,0.0,190.7,False,uncertain_20260517_180241_576379_conf7_RIGHT.jpg
2026-05-17T18:02:41.809105,RIGHT,6.6,1,UNCERTAIN,0.0,RIGHT,18.8,UNCERTAIN,0.0,220.5,False,uncertain_20260517_180241_808015_conf7_RIGHT.jpg
2026-05-17T18:02:42.012554,RIGHT,6.2,1,UNCERTAIN,0.0,RIGHT,17.8,UNCERTAIN,0.0,195.3,False,uncertain_20260517_180242_011504_conf6_RIGHT.jpg
2026-05-17T18:02:42.280237,RIGHT,6.2,1,UNCERTAIN,0.0,RIGHT,17.6,UNCERTAIN,0.0,257.5,False,uncertain_20260517_180242_277831_conf6_RIGHT.jpg
2026-05-17T18:02:42.492030,RIGHT,5.8,1,UNCERTAIN,0.0,RIGHT,16.4,UNCERTAIN,0.0,200.6,False,uncertain_20260517_180242_490819_conf6_RIGHT.jpg
2026-05-17T18:02:42.708927,RIGHT,5.7,1,UNCERTAIN,0.0,RIGHT,16.4,UNCERTAIN,0.0,197.0,False,uncertain_20260517_180242_707988_conf6_RIGHT.jpg
2026-05-17T18:03:02.230223,LEFT,10.8,1,UNCERTAIN,0.0,LEFT,30.8,UNCERTAIN,0.0,261.0,False,uncertain_20260517_180302_227635_conf11_LEFT.jpg
2026-05-17T18:03:02.480455,LEFT,9.3,1,UNCERTAIN,0.0,LEFT,26.5,UNCERTAIN,0.0,193.4,False,uncertain_20260517_180302_478922_conf9_LEFT.jpg
2026-05-17T18:03:02.683909,LEFT,8.7,1,UNCERTAIN,0.0,LEFT,24.8,UNCERTAIN,0.0,190.6,False,uncertain_20260517_180302_682826_conf9_LEFT.jpg
2026-05-17T18:03:02.880904,LEFT,8.7,1,UNCERTAIN,0.0,LEFT,25.0,UNCERTAIN,0.0,189.2,False,uncertain_20260517_180302_879897_conf9_LEFT.jpg
2026-05-17T18:03:03.089461,LEFT,8.9,1,UNCERTAIN,0.0,LEFT,25.3,UNCERTAIN,0.0,189.0,False,uncertain_20260517_180303_088317_conf9_LEFT.jpg
2026-05-17T18:03:03.292713,LEFT,9.5,1,UNCERTAIN,0.0,LEFT,27.0,UNCERTAIN,0.0,192.3,False,uncertain_20260517_180303_291559_conf9_LEFT.jpg
2026-05-17T18:03:03.489425,LEFT,11.1,1,UNCERTAIN,0.0,LEFT,31.8,UNCERTAIN,0.0,188.5,False,uncertain_20260517_180303_488504_conf11_LEFT.jpg
2026-05-17T18:03:03.686043,LEFT,11.6,1,UNCERTAIN,0.0,LEFT,33.1,UNCERTAIN,0.0,189.3,False,uncertain_20260517_180303_684989_conf12_LEFT.jpg
2026-05-17T18:03:03.884060,LEFT,13.0,1,UNCERTAIN,0.0,LEFT,37.1,UNCERTAIN,0.0,189.6,False,uncertain_20260517_180303_882831_conf13_LEFT.jpg
2026-05-17T18:03:04.090753,LEFT,14.7,1,UNCERTAIN,0.0,LEFT,42.0,UNCERTAIN,0.0,197.2,False,uncertain_20260517_180304_089563_conf15_LEFT.jpg
2026-05-17T18:03:04.287527,RIGHT,7.9,1,UNCERTAIN,0.0,RIGHT,22.5,UNCERTAIN,0.0,187.7,False,uncertain_20260517_180304_286261_conf8_RIGHT.jpg
2026-05-17T18:03:04.497305,RIGHT,3.7,1,UNCERTAIN,0.0,RIGHT,10.6,UNCERTAIN,0.0,187.8,False,uncertain_20260517_180304_496276_conf4_RIGHT.jpg
2026-05-17T18:03:04.699576,RIGHT,3.3,1,UNCERTAIN,0.0,RIGHT,9.5,UNCERTAIN,0.0,194.5,False,uncertain_20260517_180304_698482_conf3_RIGHT.jpg
2026-05-17T18:03:04.908891,RIGHT,2.9,1,UNCERTAIN,0.0,RIGHT,8.3,UNCERTAIN,0.0,187.6,False,uncertain_20260517_180304_907656_conf3_RIGHT.jpg
2026-05-17T18:03:05.121789,RIGHT,3.4,1,UNCERTAIN,0.0,RIGHT,9.7,UNCERTAIN,0.0,195.6,False,uncertain_20260517_180305_120722_conf3_RIGHT.jpg
2026-05-17T18:03:05.335148,RIGHT,3.2,1,UNCERTAIN,0.0,RIGHT,9.3,UNCERTAIN,0.0,198.6,False,uncertain_20260517_180305_333933_conf3_RIGHT.jpg
2026-05-17T18:03:05.540137,RIGHT,3.3,1,UNCERTAIN,0.0,RIGHT,9.4,UNCERTAIN,0.0,190.6,False,uncertain_20260517_180305_538865_conf3_RIGHT.jpg
2026-05-17T18:03:05.750449,RIGHT,3.7,1,UNCERTAIN,0.0,RIGHT,10.5,UNCERTAIN,0.0,187.6,False,uncertain_20260517_180305_749237_conf4_RIGHT.jpg
2026-05-17T18:03:05.946404,RIGHT,2.3,1,UNCERTAIN,0.0,RIGHT,6.6,UNCERTAIN,0.0,186.8,False,uncertain_20260517_180305_945019_conf2_RIGHT.jpg
2026-05-17T18:03:06.139280,RIGHT,2.7,1,UNCERTAIN,0.0,RIGHT,7.6,UNCERTAIN,0.0,186.9,False,uncertain_20260517_180306_138323_conf3_RIGHT.jpg
2026-05-17T18:03:06.338332,LEFT,1.2,1,UNCERTAIN,0.0,LEFT,3.4,UNCERTAIN,0.0,187.4,False,uncertain_20260517_180306_337046_conf1_LEFT.jpg
2026-05-17T18:03:06.560258,LEFT,3.2,1,UNCERTAIN,0.0,LEFT,9.2,UNCERTAIN,0.0,213.7,False,uncertain_20260517_180306_559334_conf3_LEFT.jpg
2026-05-17T18:03:06.774342,LEFT,4.8,1,UNCERTAIN,0.0,LEFT,13.8,UNCERTAIN,0.0,192.7,False,uncertain_20260517_180306_773384_conf5_LEFT.jpg
2026-05-17T18:03:06.993564,LEFT,7.4,1,UNCERTAIN,0.0,LEFT,21.2,UNCERTAIN,0.0,197.3,False,uncertain_20260517_180306_992263_conf7_LEFT.jpg
2026-05-17T18:03:07.197923,LEFT,10.0,1,UNCERTAIN,0.0,LEFT,28.5,UNCERTAIN,0.0,184.9,False,uncertain_20260517_180307_196816_conf10_LEFT.jpg
2026-05-17T18:03:07.394827,LEFT,7.9,1,UNCERTAIN,0.0,LEFT,22.6,UNCERTAIN,0.0,184.4,False,uncertain_20260517_180307_393503_conf8_LEFT.jpg
2026-05-17T18:03:07.605923,LEFT,10.2,1,UNCERTAIN,0.0,LEFT,29.1,UNCERTAIN,0.0,203.5,False,uncertain_20260517_180307_604966_conf10_LEFT.jpg
2026-05-17T18:03:07.820719,LEFT,8.9,1,UNCERTAIN,0.0,LEFT,25.6,UNCERTAIN,0.0,200.5,False,uncertain_20260517_180307_819911_conf9_LEFT.jpg
2026-05-17T18:03:08.024903,LEFT,10.0,1,UNCERTAIN,0.0,LEFT,28.6,UNCERTAIN,0.0,184.9,False,uncertain_20260517_180308_022611_conf10_LEFT.jpg
2026-05-17T18:03:08.226794,LEFT,9.5,1,UNCERTAIN,0.0,LEFT,27.1,UNCERTAIN,0.0,183.4,False,uncertain_20260517_180308_225713_conf9_LEFT.jpg
2026-05-17T18:03:08.429468,LEFT,9.3,1,UNCERTAIN,0.0,LEFT,26.5,UNCERTAIN,0.0,187.2,False,uncertain_20260517_180308_428366_conf9_LEFT.jpg
2026-05-17T18:03:08.632770,LEFT,5.8,1,UNCERTAIN,0.0,LEFT,16.5,UNCERTAIN,0.0,184.5,False,uncertain_20260517_180308_631726_conf6_LEFT.jpg
2026-05-17T18:03:08.846096,LEFT,8.2,1,UNCERTAIN,0.0,LEFT,23.3,UNCERTAIN,0.0,198.1,False,uncertain_20260517_180308_844971_conf8_LEFT.jpg
2026-05-17T18:03:09.052881,LEFT,9.5,1,UNCERTAIN,0.0,LEFT,27.2,UNCERTAIN,0.0,188.1,False,uncertain_20260517_180309_052025_conf10_LEFT.jpg
2026-05-17T18:03:09.258948,LEFT,9.2,1,UNCERTAIN,0.0,LEFT,26.4,UNCERTAIN,0.0,187.6,False,uncertain_20260517_180309_257535_conf9_LEFT.jpg
2026-05-17T18:03:09.451750,LEFT,8.4,1,UNCERTAIN,0.0,LEFT,24.0,UNCERTAIN,0.0,184.3,False,uncertain_20260517_180309_450700_conf8_LEFT.jpg
2026-05-17T18:03:09.653107,LEFT,6.6,1,UNCERTAIN,0.0,LEFT,18.9,UNCERTAIN,0.0,185.8,False,uncertain_20260517_180309_650918_conf7_LEFT.jpg
2026-05-17T18:03:09.853989,LEFT,9.4,1,UNCERTAIN,0.0,LEFT,27.0,UNCERTAIN,0.0,184.9,False,uncertain_20260517_180309_852577_conf9_LEFT.jpg
2026-05-17T18:03:10.066408,LEFT,5.4,1,UNCERTAIN,0.0,LEFT,15.5,UNCERTAIN,0.0,195.3,False,uncertain_20260517_180310_065249_conf5_LEFT.jpg
2026-05-17T18:03:10.299633,LEFT,7.3,1,UNCERTAIN,0.0,LEFT,20.8,UNCERTAIN,0.0,214.4,False,uncertain_20260517_180310_298682_conf7_LEFT.jpg
2026-05-17T18:03:10.495229,LEFT,5.7,1,UNCERTAIN,0.0,LEFT,16.3,UNCERTAIN,0.0,186.5,False,uncertain_20260517_180310_493931_conf6_LEFT.jpg
2026-05-17T18:03:10.704440,LEFT,5.8,1,UNCERTAIN,0.0,LEFT,16.6,UNCERTAIN,0.0,195.9,False,uncertain_20260517_180310_703351_conf6_LEFT.jpg
2026-05-17T18:03:10.909710,LEFT,8.1,1,UNCERTAIN,0.0,LEFT,23.2,UNCERTAIN,0.0,184.8,False,uncertain_20260517_180310_908511_conf8_LEFT.jpg
2026-05-17T18:03:11.104928,RIGHT,6.8,1,UNCERTAIN,0.0,RIGHT,19.4,UNCERTAIN,0.0,186.7,False,uncertain_20260517_180311_103640_conf7_RIGHT.jpg
2026-05-17T18:03:11.316312,RIGHT,5.9,1,UNCERTAIN,0.0,RIGHT,16.8,UNCERTAIN,0.0,195.4,False,uncertain_20260517_180311_315178_conf6_RIGHT.jpg
2026-05-17T18:03:11.517724,RIGHT,4.6,1,UNCERTAIN,0.0,RIGHT,13.1,UNCERTAIN,0.0,190.5,False,uncertain_20260517_180311_516816_conf5_RIGHT.jpg
2026-05-17T18:03:11.724667,RIGHT,4.2,1,UNCERTAIN,0.0,RIGHT,12.1,UNCERTAIN,0.0,186.4,False,uncertain_20260517_180311_723653_conf4_RIGHT.jpg
2026-05-17T18:03:11.925064,RIGHT,2.4,1,UNCERTAIN,0.0,RIGHT,6.7,UNCERTAIN,0.0,185.2,False,uncertain_20260517_180311_924104_conf2_RIGHT.jpg
2026-05-17T18:03:12.121480,RIGHT,0.9,1,UNCERTAIN,0.0,RIGHT,2.5,UNCERTAIN,0.0,187.3,False,uncertain_20260517_180312_120342_conf1_RIGHT.jpg
2026-05-17T18:03:12.333844,LEFT,1.6,1,UNCERTAIN,0.0,LEFT,4.6,UNCERTAIN,0.0,192.7,False,uncertain_20260517_180312_332715_conf2_LEFT.jpg
2026-05-17T18:03:12.553997,LEFT,2.8,1,UNCERTAIN,0.0,LEFT,8.0,UNCERTAIN,0.0,210.9,False,uncertain_20260517_180312_552940_conf3_LEFT.jpg
2026-05-17T18:03:12.749372,LEFT,3.1,1,UNCERTAIN,0.0,LEFT,8.8,UNCERTAIN,0.0,184.0,False,uncertain_20260517_180312_748209_conf3_LEFT.jpg
2026-05-17T18:03:12.952332,LEFT,3.9,1,UNCERTAIN,0.0,LEFT,11.2,UNCERTAIN,0.0,184.1,False,uncertain_20260517_180312_951170_conf4_LEFT.jpg
2026-05-17T18:03:13.155136,LEFT,2.9,1,UNCERTAIN,0.0,LEFT,8.3,UNCERTAIN,0.0,186.8,False,uncertain_20260517_180313_154161_conf3_LEFT.jpg
2026-05-17T18:03:13.347561,LEFT,3.2,1,UNCERTAIN,0.0,LEFT,9.3,UNCERTAIN,0.0,184.5,False,uncertain_20260517_180313_344735_conf3_LEFT.jpg
2026-05-17T18:03:13.548353,LEFT,3.0,1,UNCERTAIN,0.0,LEFT,8.6,UNCERTAIN,0.0,192.3,False,uncertain_20260517_180313_546939_conf3_LEFT.jpg
2026-05-17T18:03:13.765107,LEFT,3.7,1,UNCERTAIN,0.0,LEFT,10.4,UNCERTAIN,0.0,197.4,False,uncertain_20260517_180313_762548_conf4_LEFT.jpg
2026-05-17T18:03:13.973159,LEFT,3.0,1,UNCERTAIN,0.0,LEFT,8.5,UNCERTAIN,0.0,199.7,False,uncertain_20260517_180313_972078_conf3_LEFT.jpg
2026-05-17T18:03:14.182053,LEFT,5.4,1,UNCERTAIN,0.0,LEFT,15.3,UNCERTAIN,0.0,200.0,False,uncertain_20260517_180314_180867_conf5_LEFT.jpg
2026-05-17T18:03:14.394084,LEFT,8.6,1,UNCERTAIN,0.0,LEFT,24.4,UNCERTAIN,0.0,190.4,False,uncertain_20260517_180314_392798_conf9_LEFT.jpg
2026-05-17T18:03:14.598940,LEFT,0.2,1,UNCERTAIN,0.0,LEFT,0.7,UNCERTAIN,0.0,188.2,False,uncertain_20260517_180314_597638_conf0_LEFT.jpg
2026-05-17T18:03:14.798606,LEFT,7.3,1,UNCERTAIN,0.0,LEFT,20.9,UNCERTAIN,0.0,187.4,False,uncertain_20260517_180314_797554_conf7_LEFT.jpg
2026-05-17T18:03:14.997124,LEFT,0.2,1,UNCERTAIN,0.0,LEFT,0.7,UNCERTAIN,0.0,186.4,False,uncertain_20260517_180314_996021_conf0_LEFT.jpg
2026-05-17T18:03:15.193525,RIGHT,0.5,1,UNCERTAIN,0.0,RIGHT,1.3,UNCERTAIN,0.0,185.9,False,uncertain_20260517_180315_192172_conf0_RIGHT.jpg
2026-05-17T18:03:15.389331,LEFT,11.8,1,UNCERTAIN,0.0,LEFT,33.6,UNCERTAIN,0.0,185.9,False,uncertain_20260517_180315_387913_conf12_LEFT.jpg
2026-05-17T18:03:15.601981,RIGHT,3.2,1,UNCERTAIN,0.0,RIGHT,9.1,UNCERTAIN,0.0,193.2,False,uncertain_20260517_180315_600940_conf3_RIGHT.jpg
2026-05-17T18:03:15.810450,RIGHT,0.6,1,UNCERTAIN,0.0,RIGHT,1.6,UNCERTAIN,0.0,183.6,False,uncertain_20260517_180315_808829_conf1_RIGHT.jpg
2026-05-17T18:03:16.015609,LEFT,0.7,1,UNCERTAIN,0.0,LEFT,2.1,UNCERTAIN,0.0,187.6,False,uncertain_20260517_180316_014557_conf1_LEFT.jpg
2026-05-17T18:03:16.229814,LEFT,5.0,1,UNCERTAIN,0.0,LEFT,14.4,UNCERTAIN,0.0,199.8,False,uncertain_20260517_180316_228458_conf5_LEFT.jpg
2026-05-17T18:03:16.431440,LEFT,2.1,1,UNCERTAIN,0.0,LEFT,6.1,UNCERTAIN,0.0,190.4,False,uncertain_20260517_180316_430234_conf2_LEFT.jpg
2026-05-17T18:03:16.638757,LEFT,0.7,1,UNCERTAIN,0.0,LEFT,2.0,UNCERTAIN,0.0,188.4,False,uncertain_20260517_180316_637640_conf1_LEFT.jpg
2026-05-17T18:03:16.845333,LEFT,1.2,1,UNCERTAIN,0.0,LEFT,3.4,UNCERTAIN,0.0,191.7,False,uncertain_20260517_180316_843786_conf1_LEFT.jpg
2026-05-17T18:03:17.046274,LEFT,1.4,1,UNCERTAIN,0.0,LEFT,4.0,UNCERTAIN,0.0,184.4,False,uncertain_20260517_180317_044737_conf1_LEFT.jpg
2026-05-17T18:03:17.248466,LEFT,0.9,1,UNCERTAIN,0.0,LEFT,2.5,UNCERTAIN,0.0,185.1,False,uncertain_20260517_180317_247454_conf1_LEFT.jpg
2026-05-17T18:03:17.443941,LEFT,0.0,1,UNCERTAIN,0.0,LEFT,0.1,UNCERTAIN,0.0,186.6,False,uncertain_20260517_180317_442753_conf0_LEFT.jpg
2026-05-17T18:03:17.651605,LEFT,0.2,1,UNCERTAIN,0.0,LEFT,0.5,UNCERTAIN,0.0,193.5,False,uncertain_20260517_180317_649129_conf0_LEFT.jpg
2026-05-17T18:03:17.859870,LEFT,2.2,1,UNCERTAIN,0.0,LEFT,6.4,UNCERTAIN,0.0,197.0,False,uncertain_20260517_180317_858739_conf2_LEFT.jpg
2026-05-17T18:03:18.054572,LEFT,2.2,1,UNCERTAIN,0.0,LEFT,6.4,UNCERTAIN,0.0,187.2,False,uncertain_20260517_180318_053356_conf2_LEFT.jpg
2026-05-17T18:03:18.256020,LEFT,2.7,1,UNCERTAIN,0.0,LEFT,7.8,UNCERTAIN,0.0,185.1,False,uncertain_20260517_180318_254860_conf3_LEFT.jpg
2026-05-17T18:03:18.472618,LEFT,2.9,1,UNCERTAIN,0.0,LEFT,8.4,UNCERTAIN,0.0,199.9,False,uncertain_20260517_180318_471372_conf3_LEFT.jpg
2026-05-17T18:03:18.694319,LEFT,3.0,1,UNCERTAIN,0.0,LEFT,8.6,UNCERTAIN,0.0,206.5,False,uncertain_20260517_180318_693334_conf3_LEFT.jpg
2026-05-17T18:03:18.905211,LEFT,3.2,1,UNCERTAIN,0.0,LEFT,9.2,UNCERTAIN,0.0,191.2,False,uncertain_20260517_180318_904108_conf3_LEFT.jpg
2026-05-17T18:03:19.119135,LEFT,3.6,1,UNCERTAIN,0.0,LEFT,10.2,UNCERTAIN,0.0,195.3,False,uncertain_20260517_180319_117700_conf4_LEFT.jpg
2026-05-17T18:03:19.333311,LEFT,3.7,1,UNCERTAIN,0.0,LEFT,10.6,UNCERTAIN,0.0,201.4,False,uncertain_20260517_180319_332240_conf4_LEFT.jpg
2026-05-17T18:03:19.534927,LEFT,3.4,1,UNCERTAIN,0.0,LEFT,9.8,UNCERTAIN,0.0,186.6,False,uncertain_20260517_180319_533739_conf3_LEFT.jpg
2026-05-17T18:03:19.755666,LEFT,4.0,1,UNCERTAIN,0.0,LEFT,11.5,UNCERTAIN,0.0,198.0,False,uncertain_20260517_180319_754731_conf4_LEFT.jpg
2026-05-17T18:03:19.960334,LEFT,3.9,1,UNCERTAIN,0.0,LEFT,11.1,UNCERTAIN,0.0,194.8,False,uncertain_20260517_180319_959219_conf4_LEFT.jpg
2026-05-17T18:03:20.159536,LEFT,2.9,1,UNCERTAIN,0.0,LEFT,8.3,UNCERTAIN,0.0,186.6,False,uncertain_20260517_180320_157182_conf3_LEFT.jpg
2026-05-17T18:03:20.356558,LEFT,3.1,1,UNCERTAIN,0.0,LEFT,9.0,UNCERTAIN,0.0,189.9,False,uncertain_20260517_180320_355478_conf3_LEFT.jpg
2026-05-17T18:03:20.574850,LEFT,2.9,1,UNCERTAIN,0.0,LEFT,8.2,UNCERTAIN,0.0,199.3,False,uncertain_20260517_180320_573787_conf3_LEFT.jpg
2026-05-17T18:03:20.793796,LEFT,2.5,1,UNCERTAIN,0.0,LEFT,7.0,UNCERTAIN,0.0,199.2,False,uncertain_20260517_180320_792582_conf2_LEFT.jpg
2026-05-17T18:03:20.998566,LEFT,2.1,1,UNCERTAIN,0.0,LEFT,5.9,UNCERTAIN,0.0,185.3,False,uncertain_20260517_180320_997583_conf2_LEFT.jpg
2026-05-17T18:03:21.217872,LEFT,2.0,1,UNCERTAIN,0.0,LEFT,5.8,UNCERTAIN,0.0,196.2,False,uncertain_20260517_180321_215440_conf2_LEFT.jpg
2026-05-17T18:03:21.421015,LEFT,2.0,1,UNCERTAIN,0.0,LEFT,5.7,UNCERTAIN,0.0,193.5,False,uncertain_20260517_180321_419824_conf2_LEFT.jpg
2026-05-17T18:03:21.628951,LEFT,1.8,1,UNCERTAIN,0.0,LEFT,5.0,UNCERTAIN,0.0,200.9,False,uncertain_20260517_180321_627502_conf2_LEFT.jpg
2026-05-17T18:03:21.841049,LEFT,1.2,1,UNCERTAIN,0.0,LEFT,3.3,UNCERTAIN,0.0,202.5,False,uncertain_20260517_180321_839989_conf1_LEFT.jpg
2026-05-17T18:03:22.058406,RIGHT,1.6,1,UNCERTAIN,0.0,RIGHT,4.6,UNCERTAIN,0.0,195.6,False,uncertain_20260517_180322_057308_conf2_RIGHT.jpg
2026-05-17T18:03:22.260269,RIGHT,1.6,1,UNCERTAIN,0.0,RIGHT,4.4,UNCERTAIN,0.0,187.2,False,uncertain_20260517_180322_257767_conf2_RIGHT.jpg
2026-05-17T18:03:22.457866,RIGHT,0.6,1,UNCERTAIN,0.0,RIGHT,1.7,UNCERTAIN,0.0,187.3,False,uncertain_20260517_180322_456596_conf1_RIGHT.jpg
2026-05-17T18:03:22.677904,LEFT,0.7,1,UNCERTAIN,0.0,LEFT,2.0,UNCERTAIN,0.0,199.9,False,uncertain_20260517_180322_675591_conf1_LEFT.jpg
2026-05-17T18:03:22.882533,LEFT,0.8,1,UNCERTAIN,0.0,LEFT,2.2,UNCERTAIN,0.0,191.5,False,uncertain_20260517_180322_881194_conf1_LEFT.jpg
2026-05-17T18:03:23.087684,LEFT,0.8,1,UNCERTAIN,0.0,LEFT,2.4,UNCERTAIN,0.0,184.5,False,uncertain_20260517_180323_086621_conf1_LEFT.jpg
2026-05-17T18:03:23.294485,LEFT,1.0,1,UNCERTAIN,0.0,LEFT,2.9,UNCERTAIN,0.0,187.2,False,uncertain_20260517_180323_293056_conf1_LEFT.jpg
2026-05-17T18:03:23.499559,LEFT,0.5,1,UNCERTAIN,0.0,LEFT,1.5,UNCERTAIN,0.0,190.8,False,uncertain_20260517_180323_498618_conf1_LEFT.jpg
2026-05-17T18:03:23.714153,LEFT,3.7,1,UNCERTAIN,0.0,LEFT,10.5,UNCERTAIN,0.0,185.8,False,uncertain_20260517_180323_712896_conf4_LEFT.jpg
2026-05-17T18:03:23.930056,LEFT,2.9,1,UNCERTAIN,0.0,LEFT,8.2,UNCERTAIN,0.0,201.9,False,uncertain_20260517_180323_928901_conf3_LEFT.jpg
2026-05-17T18:03:24.143414,LEFT,3.6,1,UNCERTAIN,0.0,LEFT,10.3,UNCERTAIN,0.0,199.9,False,uncertain_20260517_180324_142006_conf4_LEFT.jpg
2026-05-17T18:03:24.355616,RIGHT,6.4,1,UNCERTAIN,0.0,RIGHT,18.2,UNCERTAIN,0.0,204.9,False,uncertain_20260517_180324_354574_conf6_RIGHT.jpg
2026-05-17T18:03:24.558829,RIGHT,7.6,1,UNCERTAIN,0.0,RIGHT,21.6,UNCERTAIN,0.0,188.8,False,uncertain_20260517_180324_557806_conf8_RIGHT.jpg
2026-05-17T18:03:24.766950,RIGHT,7.7,1,UNCERTAIN,0.0,RIGHT,22.0,UNCERTAIN,0.0,193.6,False,uncertain_20260517_180324_765840_conf8_RIGHT.jpg
2026-05-17T18:03:24.970875,RIGHT,9.0,1,UNCERTAIN,0.0,RIGHT,25.6,UNCERTAIN,0.0,188.3,False,uncertain_20260517_180324_969500_conf9_RIGHT.jpg
2026-05-17T18:03:25.175352,RIGHT,9.8,1,UNCERTAIN,0.0,RIGHT,28.0,UNCERTAIN,0.0,188.8,False,uncertain_20260517_180325_174053_conf10_RIGHT.jpg
2026-05-17T18:03:25.376721,RIGHT,9.3,1,UNCERTAIN,0.0,RIGHT,26.7,UNCERTAIN,0.0,189.6,False,uncertain_20260517_180325_375579_conf9_RIGHT.jpg
2026-05-17T18:03:25.592675,RIGHT,8.3,1,UNCERTAIN,0.0,RIGHT,23.8,UNCERTAIN,0.0,196.4,False,uncertain_20260517_180325_591511_conf8_RIGHT.jpg
2026-05-17T18:03:25.792558,RIGHT,8.6,1,UNCERTAIN,0.0,RIGHT,24.6,UNCERTAIN,0.0,186.3,False,uncertain_20260517_180325_791462_conf9_RIGHT.jpg
2026-05-17T18:03:25.989892,RIGHT,3.3,1,UNCERTAIN,0.0,RIGHT,9.4,UNCERTAIN,0.0,185.9,False,uncertain_20260517_180325_988839_conf3_RIGHT.jpg
2026-05-17T18:03:26.191329,LEFT,1.6,1,UNCERTAIN,0.0,LEFT,4.6,UNCERTAIN,0.0,192.9,False,uncertain_20260517_180326_190241_conf2_LEFT.jpg
2026-05-17T18:03:26.395116,RIGHT,0.1,1,UNCERTAIN,0.0,RIGHT,0.3,UNCERTAIN,0.0,190.4,False,uncertain_20260517_180326_394146_conf0_RIGHT.jpg
2026-05-17T18:03:26.612330,RIGHT,0.7,1,UNCERTAIN,0.0,RIGHT,2.1,UNCERTAIN,0.0,199.5,False,uncertain_20260517_180326_611332_conf1_RIGHT.jpg
2026-05-17T18:03:26.838047,LEFT,0.3,1,UNCERTAIN,0.0,LEFT,0.8,UNCERTAIN,0.0,210.8,False,uncertain_20260517_180326_836899_conf0_LEFT.jpg
2026-05-17T18:03:27.037411,RIGHT,0.5,1,UNCERTAIN,0.0,RIGHT,1.5,UNCERTAIN,0.0,186.4,False,uncertain_20260517_180327_035902_conf1_RIGHT.jpg
2026-05-17T18:03:27.241188,LEFT,0.1,1,UNCERTAIN,0.0,LEFT,0.2,UNCERTAIN,0.0,190.6,False,uncertain_20260517_180327_240139_conf0_LEFT.jpg
2026-05-17T18:03:27.451724,LEFT,0.8,1,UNCERTAIN,0.0,LEFT,2.4,UNCERTAIN,0.0,203.4,False,uncertain_20260517_180327_450579_conf1_LEFT.jpg
2026-05-17T18:03:27.659732,LEFT,0.3,1,UNCERTAIN,0.0,LEFT,0.7,UNCERTAIN,0.0,190.8,False,uncertain_20260517_180327_658472_conf0_LEFT.jpg
2026-05-17T18:03:27.890178,LEFT,0.3,1,UNCERTAIN,0.0,LEFT,0.9,UNCERTAIN,0.0,222.4,False,uncertain_20260517_180327_889184_conf0_LEFT.jpg
2026-05-17T18:03:28.095999,LEFT,1.1,1,UNCERTAIN,0.0,LEFT,3.1,UNCERTAIN,0.0,193.9,False,uncertain_20260517_180328_094644_conf1_LEFT.jpg
2026-05-17T18:03:28.292644,LEFT,0.1,1,UNCERTAIN,0.0,LEFT,0.2,UNCERTAIN,0.0,182.2,False,uncertain_20260517_180328_291595_conf0_LEFT.jpg
2026-05-17T18:03:28.516654,LEFT,0.1,1,UNCERTAIN,0.0,LEFT,0.2,UNCERTAIN,0.0,202.4,False,uncertain_20260517_180328_515424_conf0_LEFT.jpg
2026-05-17T18:03:28.725007,RIGHT,0.1,1,UNCERTAIN,0.0,RIGHT,0.2,UNCERTAIN,0.0,195.3,False,uncertain_20260517_180328_723725_conf0_RIGHT.jpg
2026-05-17T18:03:28.935576,LEFT,0.2,1,UNCERTAIN,0.0,LEFT,0.6,UNCERTAIN,0.0,192.3,False,uncertain_20260517_180328_933994_conf0_LEFT.jpg
2026-05-17T18:03:29.151857,LEFT,0.3,1,UNCERTAIN,0.0,LEFT,0.9,UNCERTAIN,0.0,194.7,False,uncertain_20260517_180329_150616_conf0_LEFT.jpg
2026-05-17T18:03:29.402829,LEFT,1.6,1,UNCERTAIN,0.0,LEFT,4.7,UNCERTAIN,0.0,232.8,False,uncertain_20260517_180329_397121_conf2_LEFT.jpg
2026-05-17T18:03:30.509828,LEFT,0.0,1,UNCERTAIN,0.0,LEFT,0.0,UNCERTAIN,0.0,1080.6,False,uncertain_20260517_180330_507220_conf0_LEFT.jpg
2026-05-17T18:03:31.996542,LEFT,0.1,1,UNCERTAIN,0.0,LEFT,0.3,UNCERTAIN,0.0,1460.8,False,uncertain_20260517_180331_991005_conf0_LEFT.jpg
2026-05-17T18:03:33.195016,LEFT,3.0,1,UNCERTAIN,0.0,LEFT,8.5,UNCERTAIN,0.0,1155.9,False,uncertain_20260517_180333_187908_conf3_LEFT.jpg
2026-05-17T18:03:34.392845,LEFT,4.3,1,UNCERTAIN,0.0,LEFT,12.1,UNCERTAIN,0.0,1166.8,False,uncertain_20260517_180334_391787_conf4_LEFT.jpg
2026-05-17T18:03:34.596538,LEFT,1.9,1,UNCERTAIN,0.0,LEFT,5.4,UNCERTAIN,0.0,187.8,False,uncertain_20260517_180334_592407_conf2_LEFT.jpg
2026-05-17T18:03:34.786161,LEFT,0.0,1,UNCERTAIN,0.0,LEFT,0.1,UNCERTAIN,0.0,182.8,False,uncertain_20260517_180334_785199_conf0_LEFT.jpg
2026-05-17T18:03:34.984081,RIGHT,0.2,1,UNCERTAIN,0.0,RIGHT,0.5,UNCERTAIN,0.0,181.3,False,uncertain_20260517_180334_983015_conf0_RIGHT.jpg
2026-05-17T18:03:35.186810,RIGHT,1.0,1,UNCERTAIN,0.0,RIGHT,2.8,UNCERTAIN,0.0,192.1,False,uncertain_20260517_180335_185799_conf1_RIGHT.jpg
2026-05-17T18:03:35.380729,RIGHT,0.3,1,UNCERTAIN,0.0,RIGHT,0.9,UNCERTAIN,0.0,183.1,False,uncertain_20260517_180335_378488_conf0_RIGHT.jpg
2026-05-17T18:03:35.590610,RIGHT,0.6,1,UNCERTAIN,0.0,RIGHT,1.8,UNCERTAIN,0.0,183.5,False,uncertain_20260517_180335_589366_conf1_RIGHT.jpg
2026-05-17T18:03:35.790956,RIGHT,1.2,1,UNCERTAIN,0.0,RIGHT,3.5,UNCERTAIN,0.0,190.0,False,uncertain_20260517_180335_789902_conf1_RIGHT.jpg
2026-05-17T18:03:35.990341,RIGHT,3.0,1,UNCERTAIN,0.0,RIGHT,8.6,UNCERTAIN,0.0,181.1,False,uncertain_20260517_180335_989309_conf3_RIGHT.jpg
2026-05-17T18:03:36.209055,RIGHT,4.3,1,UNCERTAIN,0.0,RIGHT,12.3,UNCERTAIN,0.0,193.4,False,uncertain_20260517_180336_206919_conf4_RIGHT.jpg
2026-05-17T18:03:36.421262,RIGHT,7.7,1,UNCERTAIN,0.0,RIGHT,21.9,UNCERTAIN,0.0,197.0,False,uncertain_20260517_180336_420101_conf8_RIGHT.jpg
2026-05-17T18:03:36.652733,RIGHT,4.1,1,UNCERTAIN,0.0,RIGHT,11.8,UNCERTAIN,0.0,200.3,False,uncertain_20260517_180336_651633_conf4_RIGHT.jpg
2026-05-17T18:03:36.878559,RIGHT,4.4,1,UNCERTAIN,0.0,RIGHT,12.6,UNCERTAIN,0.0,201.7,False,uncertain_20260517_180336_877511_conf4_RIGHT.jpg
2026-05-17T18:03:37.111097,RIGHT,4.3,1,UNCERTAIN,0.0,RIGHT,12.4,UNCERTAIN,0.0,221.6,False,uncertain_20260517_180337_108626_conf4_RIGHT.jpg
2026-05-17T18:03:37.312281,RIGHT,3.3,1,UNCERTAIN,0.0,RIGHT,9.5,UNCERTAIN,0.0,192.5,False,uncertain_20260517_180337_311071_conf3_RIGHT.jpg
2026-05-17T18:03:37.539546,RIGHT,2.0,1,UNCERTAIN,0.0,RIGHT,5.7,UNCERTAIN,0.0,202.7,False,uncertain_20260517_180337_537694_conf2_RIGHT.jpg
2026-05-17T18:03:37.735703,RIGHT,2.0,1,UNCERTAIN,0.0,RIGHT,5.7,UNCERTAIN,0.0,185.6,False,uncertain_20260517_180337_734692_conf2_RIGHT.jpg
2026-05-17T18:03:38.001621,RIGHT,1.9,1,UNCERTAIN,0.0,RIGHT,5.5,UNCERTAIN,0.0,255.6,False,uncertain_20260517_180337_998212_conf2_RIGHT.jpg
2026-05-17T18:03:38.236714,RIGHT,0.1,1,UNCERTAIN,0.0,RIGHT,0.2,UNCERTAIN,0.0,225.0,False,uncertain_20260517_180338_235581_conf0_RIGHT.jpg
2026-05-17T18:03:38.449762,RIGHT,0.3,1,UNCERTAIN,0.0,RIGHT,0.8,UNCERTAIN,0.0,203.2,False,uncertain_20260517_180338_448701_conf0_RIGHT.jpg
2026-05-17T18:03:38.654815,LEFT,0.1,1,UNCERTAIN,0.0,LEFT,0.3,UNCERTAIN,0.0,185.9,False,uncertain_20260517_180338_653501_conf0_LEFT.jpg
2026-05-17T18:03:38.881748,RIGHT,0.0,1,UNCERTAIN,0.0,RIGHT,0.0,UNCERTAIN,0.0,209.3,False,uncertain_20260517_180338_879094_conf0_RIGHT.jpg
2026-05-17T18:03:39.151634,LEFT,1.0,1,UNCERTAIN,0.0,LEFT,3.0,UNCERTAIN,0.0,247.8,False,uncertain_20260517_180339_149399_conf1_LEFT.jpg
2026-05-17T18:03:39.385546,LEFT,1.1,1,UNCERTAIN,0.0,LEFT,3.3,UNCERTAIN,0.0,214.0,False,uncertain_20260517_180339_384474_conf1_LEFT.jpg
2026-05-17T18:03:39.637693,LEFT,1.9,1,UNCERTAIN,0.0,LEFT,5.3,UNCERTAIN,0.0,237.7,False,uncertain_20260517_180339_636436_conf2_LEFT.jpg
2026-05-17T18:03:39.969290,RIGHT,0.4,1,UNCERTAIN,0.0,RIGHT,1.3,UNCERTAIN,0.0,317.6,False,uncertain_20260517_180339_967373_conf0_RIGHT.jpg
2026-05-17T18:03:40.216038,RIGHT,1.0,1,UNCERTAIN,0.0,RIGHT,2.9,UNCERTAIN,0.0,236.0,False,uncertain_20260517_180340_214451_conf1_RIGHT.jpg
2026-05-17T18:03:40.447608,RIGHT,1.6,1,UNCERTAIN,0.0,RIGHT,4.5,UNCERTAIN,0.0,209.5,False,uncertain_20260517_180340_446379_conf2_RIGHT.jpg
2026-05-17T18:03:40.656867,RIGHT,1.2,1,UNCERTAIN,0.0,RIGHT,3.3,UNCERTAIN,0.0,197.4,False,uncertain_20260517_180340_655227_conf1_RIGHT.jpg
2026-05-17T18:03:40.918003,RIGHT,0.4,1,UNCERTAIN,0.0,RIGHT,1.1,UNCERTAIN,0.0,251.4,False,uncertain_20260517_180340_916762_conf0_RIGHT.jpg
2026-05-17T18:03:41.126295,RIGHT,0.5,1,UNCERTAIN,0.0,RIGHT,1.5,UNCERTAIN,0.0,196.5,False,uncertain_20260517_180341_125127_conf1_RIGHT.jpg
2026-05-17T18:03:41.320477,LEFT,0.2,1,UNCERTAIN,0.0,LEFT,0.4,UNCERTAIN,0.0,181.6,False,uncertain_20260517_180341_319178_conf0_LEFT.jpg
2026-05-17T18:03:41.523429,LEFT,0.9,1,UNCERTAIN,0.0,LEFT,2.4,UNCERTAIN,0.0,181.0,False,uncertain_20260517_180341_520698_conf1_LEFT.jpg
2026-05-17T18:03:41.729072,LEFT,2.8,1,UNCERTAIN,0.0,LEFT,8.0,UNCERTAIN,0.0,188.0,False,uncertain_20260517_180341_727942_conf3_LEFT.jpg
2026-05-17T18:03:41.945960,LEFT,1.1,1,UNCERTAIN,0.0,LEFT,3.2,UNCERTAIN,0.0,196.3,False,uncertain_20260517_180341_944926_conf1_LEFT.jpg
2026-05-17T18:03:42.154033,LEFT,0.2,1,UNCERTAIN,0.0,LEFT,0.7,UNCERTAIN,0.0,195.8,False,uncertain_20260517_180342_152331_conf0_LEFT.jpg
2026-05-17T18:03:42.360505,LEFT,2.6,1,UNCERTAIN,0.0,LEFT,7.3,UNCERTAIN,0.0,194.5,False,uncertain_20260517_180342_359290_conf3_LEFT.jpg
2026-05-17T18:03:42.556877,LEFT,2.7,1,UNCERTAIN,0.0,LEFT,7.8,UNCERTAIN,0.0,185.4,False,uncertain_20260517_180342_555704_conf3_LEFT.jpg
2026-05-17T18:03:42.766875,LEFT,2.9,1,UNCERTAIN,0.0,LEFT,8.4,UNCERTAIN,0.0,191.0,False,uncertain_20260517_180342_765645_conf3_LEFT.jpg
2026-05-17T18:03:42.969821,LEFT,2.8,1,UNCERTAIN,0.0,LEFT,8.1,UNCERTAIN,0.0,187.5,False,uncertain_20260517_180342_968650_conf3_LEFT.jpg
2026-05-17T18:03:43.171344,LEFT,3.2,1,UNCERTAIN,0.0,LEFT,9.0,UNCERTAIN,0.0,188.3,False,uncertain_20260517_180343_170263_conf3_LEFT.jpg
2026-05-17T18:03:43.386544,LEFT,2.9,1,UNCERTAIN,0.0,LEFT,8.3,UNCERTAIN,0.0,202.2,False,uncertain_20260517_180343_385370_conf3_LEFT.jpg
2026-05-17T18:03:43.597264,LEFT,3.4,1,UNCERTAIN,0.0,LEFT,9.6,UNCERTAIN,0.0,191.4,False,uncertain_20260517_180343_596062_conf3_LEFT.jpg
2026-05-17T18:03:43.799794,LEFT,4.0,1,UNCERTAIN,0.0,LEFT,11.4,UNCERTAIN,0.0,185.3,False,uncertain_20260517_180343_798692_conf4_LEFT.jpg
2026-05-17T18:03:43.996133,LEFT,3.9,1,UNCERTAIN,0.0,LEFT,11.2,UNCERTAIN,0.0,185.3,False,uncertain_20260517_180343_994832_conf4_LEFT.jpg
2026-05-17T18:03:44.200944,LEFT,5.2,1,UNCERTAIN,0.0,LEFT,15.0,UNCERTAIN,0.0,194.1,False,uncertain_20260517_180344_199924_conf5_LEFT.jpg
2026-05-17T18:03:44.406644,LEFT,3.1,1,UNCERTAIN,0.0,LEFT,8.7,UNCERTAIN,0.0,187.6,False,uncertain_20260517_180344_405551_conf3_LEFT.jpg
2026-05-17T18:03:44.609687,LEFT,3.6,1,UNCERTAIN,0.0,LEFT,10.2,UNCERTAIN,0.0,195.3,False,uncertain_20260517_180344_608491_conf4_LEFT.jpg
2026-05-17T18:03:44.819962,LEFT,2.3,1,UNCERTAIN,0.0,LEFT,6.5,UNCERTAIN,0.0,197.4,False,uncertain_20260517_180344_818986_conf2_LEFT.jpg
2026-05-17T18:03:45.031406,LEFT,1.5,1,UNCERTAIN,0.0,LEFT,4.3,UNCERTAIN,0.0,201.9,False,uncertain_20260517_180345_030358_conf2_LEFT.jpg
2026-05-17T18:03:45.239412,LEFT,1.9,1,UNCERTAIN,0.0,LEFT,5.4,UNCERTAIN,0.0,199.7,False,uncertain_20260517_180345_237872_conf2_LEFT.jpg
2026-05-17T18:03:45.444788,LEFT,2.1,1,UNCERTAIN,0.0,LEFT,6.1,UNCERTAIN,0.0,184.8,False,uncertain_20260517_180345_443687_conf2_LEFT.jpg
2026-05-17T18:03:45.639124,LEFT,2.3,1,UNCERTAIN,0.0,LEFT,6.7,UNCERTAIN,0.0,183.5,False,uncertain_20260517_180345_636334_conf2_LEFT.jpg
2026-05-17T18:03:45.840177,LEFT,3.1,1,UNCERTAIN,0.0,LEFT,9.0,UNCERTAIN,0.0,191.7,False,uncertain_20260517_180345_838859_conf3_LEFT.jpg
2026-05-17T18:03:46.051452,LEFT,2.6,1,UNCERTAIN,0.0,LEFT,7.5,UNCERTAIN,0.0,193.2,False,uncertain_20260517_180346_050399_conf3_LEFT.jpg
2026-05-17T18:03:46.249639,LEFT,3.1,1,UNCERTAIN,0.0,LEFT,9.0,UNCERTAIN,0.0,187.7,False,uncertain_20260517_180346_248666_conf3_LEFT.jpg
2026-05-17T18:03:46.462008,LEFT,1.9,1,UNCERTAIN,0.0,LEFT,5.6,UNCERTAIN,0.0,197.7,False,uncertain_20260517_180346_457916_conf2_LEFT.jpg
2026-05-17T18:03:46.655419,LEFT,2.0,1,UNCERTAIN,0.0,LEFT,5.6,UNCERTAIN,0.0,179.8,False,uncertain_20260517_180346_654277_conf2_LEFT.jpg
2026-05-17T18:03:46.857483,LEFT,2.3,1,UNCERTAIN,0.0,LEFT,6.4,UNCERTAIN,0.0,191.4,False,uncertain_20260517_180346_856326_conf2_LEFT.jpg
2026-05-17T18:03:47.055632,LEFT,2.5,1,UNCERTAIN,0.0,LEFT,7.1,UNCERTAIN,0.0,188.7,False,uncertain_20260517_180347_054415_conf2_LEFT.jpg
2026-05-17T18:03:47.254640,LEFT,3.5,1,UNCERTAIN,0.0,LEFT,9.9,UNCERTAIN,0.0,181.1,False,uncertain_20260517_180347_250238_conf3_LEFT.jpg
2026-05-17T18:03:47.445031,LEFT,4.2,1,UNCERTAIN,0.0,LEFT,12.1,UNCERTAIN,0.0,181.2,False,uncertain_20260517_180347_443638_conf4_LEFT.jpg
2026-05-17T18:03:47.644459,LEFT,4.5,1,UNCERTAIN,0.0,LEFT,13.0,UNCERTAIN,0.0,189.8,False,uncertain_20260517_180347_643429_conf5_LEFT.jpg
2026-05-17T18:03:47.842814,LEFT,6.0,1,UNCERTAIN,0.0,LEFT,17.2,UNCERTAIN,0.0,181.4,False,uncertain_20260517_180347_841778_conf6_LEFT.jpg
2026-05-17T18:03:48.044773,LEFT,4.7,1,UNCERTAIN,0.0,LEFT,13.4,UNCERTAIN,0.0,190.5,False,uncertain_20260517_180348_042094_conf5_LEFT.jpg
2026-05-17T18:03:48.245838,LEFT,4.2,1,UNCERTAIN,0.0,LEFT,12.0,UNCERTAIN,0.0,192.4,False,uncertain_20260517_180348_244882_conf4_LEFT.jpg
2026-05-17T18:03:48.444175,LEFT,4.3,1,UNCERTAIN,0.0,LEFT,12.3,UNCERTAIN,0.0,185.6,False,uncertain_20260517_180348_443251_conf4_LEFT.jpg
2026-05-17T18:03:48.657497,LEFT,5.4,1,UNCERTAIN,0.0,LEFT,15.4,UNCERTAIN,0.0,196.0,False,uncertain_20260517_180348_653550_conf5_LEFT.jpg
2026-05-17T18:03:48.858964,LEFT,5.0,1,UNCERTAIN,0.0,LEFT,14.4,UNCERTAIN,0.0,188.2,False,uncertain_20260517_180348_856076_conf5_LEFT.jpg
2026-05-17T18:03:49.054481,LEFT,4.8,1,UNCERTAIN,0.0,LEFT,13.6,UNCERTAIN,0.0,182.7,False,uncertain_20260517_180349_053413_conf5_LEFT.jpg
2026-05-17T18:03:49.254350,LEFT,5.5,1,UNCERTAIN,0.0,LEFT,15.6,UNCERTAIN,0.0,185.3,False,uncertain_20260517_180349_253431_conf5_LEFT.jpg
2026-05-17T18:03:49.454407,LEFT,4.6,1,UNCERTAIN,0.0,LEFT,13.1,UNCERTAIN,0.0,188.4,False,uncertain_20260517_180349_453392_conf5_LEFT.jpg
2026-05-17T18:03:49.657767,LEFT,5.5,1,UNCERTAIN,0.0,LEFT,15.6,UNCERTAIN,0.0,183.9,False,uncertain_20260517_180349_655667_conf5_LEFT.jpg
2026-05-17T18:03:49.865953,LEFT,5.8,1,UNCERTAIN,0.0,LEFT,16.5,UNCERTAIN,0.0,189.0,False,uncertain_20260517_180349_864743_conf6_LEFT.jpg
2026-05-17T18:03:50.066374,LEFT,4.7,1,UNCERTAIN,0.0,LEFT,13.6,UNCERTAIN,0.0,182.2,False,uncertain_20260517_180350_065043_conf5_LEFT.jpg
2026-05-17T18:03:50.275850,LEFT,3.9,1,UNCERTAIN,0.0,LEFT,11.1,UNCERTAIN,0.0,200.3,False,uncertain_20260517_180350_274779_conf4_LEFT.jpg
2026-05-17T18:03:50.481065,LEFT,6.1,1,UNCERTAIN,0.0,LEFT,17.3,UNCERTAIN,0.0,192.0,False,uncertain_20260517_180350_477186_conf6_LEFT.jpg
2026-05-17T18:03:50.684237,LEFT,5.6,1,UNCERTAIN,0.0,LEFT,15.9,UNCERTAIN,0.0,191.5,False,uncertain_20260517_180350_683066_conf6_LEFT.jpg
2026-05-17T18:03:50.889405,LEFT,4.9,1,UNCERTAIN,0.0,LEFT,13.9,UNCERTAIN,0.0,190.9,False,uncertain_20260517_180350_888221_conf5_LEFT.jpg
2026-05-17T18:03:51.111675,LEFT,4.5,1,UNCERTAIN,0.0,LEFT,12.8,UNCERTAIN,0.0,203.4,False,uncertain_20260517_180351_110557_conf4_LEFT.jpg
2026-05-17T18:03:51.337060,LEFT,5.3,1,UNCERTAIN,0.0,LEFT,15.0,UNCERTAIN,0.0,202.0,False,uncertain_20260517_180351_332742_conf5_LEFT.jpg
2026-05-17T18:03:51.545517,LEFT,5.1,1,UNCERTAIN,0.0,LEFT,14.5,UNCERTAIN,0.0,189.8,False,uncertain_20260517_180351_544515_conf5_LEFT.jpg
2026-05-17T18:03:51.751275,LEFT,6.1,1,UNCERTAIN,0.0,LEFT,17.5,UNCERTAIN,0.0,184.1,False,uncertain_20260517_180351_750031_conf6_LEFT.jpg
2026-05-17T18:03:51.967697,LEFT,5.4,1,UNCERTAIN,0.0,LEFT,15.5,UNCERTAIN,0.0,194.5,False,uncertain_20260517_180351_966621_conf5_LEFT.jpg
2026-05-17T18:03:52.171023,LEFT,4.2,1,UNCERTAIN,0.0,LEFT,12.0,UNCERTAIN,0.0,188.4,False,uncertain_20260517_180352_166899_conf4_LEFT.jpg
2026-05-17T18:03:52.374373,LEFT,4.9,1,UNCERTAIN,0.0,LEFT,14.0,UNCERTAIN,0.0,186.4,False,uncertain_20260517_180352_373304_conf5_LEFT.jpg
2026-05-17T18:03:52.575833,LEFT,4.6,1,UNCERTAIN,0.0,LEFT,13.1,UNCERTAIN,0.0,185.1,False,uncertain_20260517_180352_574662_conf5_LEFT.jpg
2026-05-17T18:03:52.777978,LEFT,4.6,1,UNCERTAIN,0.0,LEFT,13.1,UNCERTAIN,0.0,188.2,False,uncertain_20260517_180352_776926_conf5_LEFT.jpg
2026-05-17T18:03:52.987948,LEFT,4.9,1,UNCERTAIN,0.0,LEFT,14.1,UNCERTAIN,0.0,200.7,False,uncertain_20260517_180352_986291_conf5_LEFT.jpg
2026-05-17T18:03:53.188381,LEFT,5.1,1,UNCERTAIN,0.0,LEFT,14.7,UNCERTAIN,0.0,183.6,False,uncertain_20260517_180353_187305_conf5_LEFT.jpg
2026-05-17T18:03:53.391224,LEFT,2.0,1,UNCERTAIN,0.0,LEFT,5.7,UNCERTAIN,0.0,193.4,False,uncertain_20260517_180353_390304_conf2_LEFT.jpg
2026-05-17T18:03:53.588259,LEFT,2.9,1,UNCERTAIN,0.0,LEFT,8.4,UNCERTAIN,0.0,185.1,False,uncertain_20260517_180353_587109_conf3_LEFT.jpg
2026-05-17T18:03:53.802258,LEFT,2.4,1,UNCERTAIN,0.0,LEFT,6.7,UNCERTAIN,0.0,203.4,False,uncertain_20260517_180353_801240_conf2_LEFT.jpg
2026-05-17T18:03:53.993699,LEFT,2.3,1,UNCERTAIN,0.0,LEFT,6.6,UNCERTAIN,0.0,182.5,False,uncertain_20260517_180353_992579_conf2_LEFT.jpg
2026-05-17T18:03:54.206748,LEFT,1.7,1,UNCERTAIN,0.0,LEFT,4.8,UNCERTAIN,0.0,196.2,False,uncertain_20260517_180354_205673_conf2_LEFT.jpg
2026-05-17T18:03:54.410140,LEFT,2.0,1,UNCERTAIN,0.0,LEFT,5.8,UNCERTAIN,0.0,181.8,False,uncertain_20260517_180354_405739_conf2_LEFT.jpg
2026-05-17T18:03:54.612883,LEFT,1.8,1,UNCERTAIN,0.0,LEFT,5.1,UNCERTAIN,0.0,186.7,False,uncertain_20260517_180354_611883_conf2_LEFT.jpg
2026-05-17T18:03:54.812228,LEFT,3.3,1,UNCERTAIN,0.0,LEFT,9.4,UNCERTAIN,0.0,183.4,False,uncertain_20260517_180354_811254_conf3_LEFT.jpg
2026-05-17T18:03:55.011711,LEFT,3.2,1,UNCERTAIN,0.0,LEFT,9.2,UNCERTAIN,0.0,184.4,False,uncertain_20260517_180355_010605_conf3_LEFT.jpg
2026-05-17T18:03:55.210676,LEFT,3.3,1,UNCERTAIN,0.0,LEFT,9.4,UNCERTAIN,0.0,185.8,False,uncertain_20260517_180355_207867_conf3_LEFT.jpg
2026-05-17T18:03:55.427112,LEFT,3.0,1,UNCERTAIN,0.0,LEFT,8.5,UNCERTAIN,0.0,198.0,False,uncertain_20260517_180355_426112_conf3_LEFT.jpg
2026-05-17T18:03:55.630669,LEFT,4.3,1,UNCERTAIN,0.0,LEFT,12.2,UNCERTAIN,0.0,193.0,False,uncertain_20260517_180355_629407_conf4_LEFT.jpg
2026-05-17T18:03:55.831796,LEFT,4.6,1,UNCERTAIN,0.0,LEFT,13.1,UNCERTAIN,0.0,186.9,False,uncertain_20260517_180355_830753_conf5_LEFT.jpg
2026-05-17T18:03:56.050139,LEFT,4.0,1,UNCERTAIN,0.0,LEFT,11.6,UNCERTAIN,0.0,194.9,False,uncertain_20260517_180356_046250_conf4_LEFT.jpg
2026-05-17T18:03:56.255076,LEFT,5.4,1,UNCERTAIN,0.0,LEFT,15.4,UNCERTAIN,0.0,195.9,False,uncertain_20260517_180356_254083_conf5_LEFT.jpg
2026-05-17T18:03:56.454908,LEFT,3.9,1,UNCERTAIN,0.0,LEFT,11.0,UNCERTAIN,0.0,186.6,False,uncertain_20260517_180356_453783_conf4_LEFT.jpg
2026-05-17T18:03:56.664123,LEFT,4.1,1,UNCERTAIN,0.0,LEFT,11.6,UNCERTAIN,0.0,187.0,False,uncertain_20260517_180356_663037_conf4_LEFT.jpg
2026-05-17T18:03:56.888151,LEFT,5.3,1,UNCERTAIN,0.0,LEFT,15.1,UNCERTAIN,0.0,193.1,False,uncertain_20260517_180356_883859_conf5_LEFT.jpg
2026-05-17T18:03:57.090869,LEFT,6.2,1,UNCERTAIN,0.0,LEFT,17.6,UNCERTAIN,0.0,195.1,False,uncertain_20260517_180357_089907_conf6_LEFT.jpg
2026-05-17T18:03:57.299769,LEFT,4.8,1,UNCERTAIN,0.0,LEFT,13.8,UNCERTAIN,0.0,191.3,False,uncertain_20260517_180357_298687_conf5_LEFT.jpg
2026-05-17T18:03:57.513223,LEFT,5.0,1,UNCERTAIN,0.0,LEFT,14.4,UNCERTAIN,0.0,206.5,False,uncertain_20260517_180357_512049_conf5_LEFT.jpg
2026-05-17T18:03:57.710602,LEFT,5.4,1,UNCERTAIN,0.0,LEFT,15.3,UNCERTAIN,0.0,185.5,False,uncertain_20260517_180357_706289_conf5_LEFT.jpg
2026-05-17T18:03:57.912371,LEFT,4.8,1,UNCERTAIN,0.0,LEFT,13.7,UNCERTAIN,0.0,186.1,False,uncertain_20260517_180357_911077_conf5_LEFT.jpg
2026-05-17T18:03:58.116364,LEFT,5.5,1,UNCERTAIN,0.0,LEFT,15.7,UNCERTAIN,0.0,184.7,False,uncertain_20260517_180358_115343_conf6_LEFT.jpg
2026-05-17T18:03:58.327326,LEFT,5.9,1,UNCERTAIN,0.0,LEFT,16.7,UNCERTAIN,0.0,198.5,False,uncertain_20260517_180358_326395_conf6_LEFT.jpg
2026-05-17T18:03:58.524060,LEFT,5.2,1,UNCERTAIN,0.0,LEFT,14.7,UNCERTAIN,0.0,185.6,False,uncertain_20260517_180358_520230_conf5_LEFT.jpg
2026-05-17T18:03:58.725913,LEFT,4.6,1,UNCERTAIN,0.0,LEFT,13.1,UNCERTAIN,0.0,183.9,False,uncertain_20260517_180358_724796_conf5_LEFT.jpg
2026-05-17T18:03:58.929834,LEFT,5.4,1,UNCERTAIN,0.0,LEFT,15.3,UNCERTAIN,0.0,181.0,False,uncertain_20260517_180358_928780_conf5_LEFT.jpg
2026-05-17T18:03:59.123578,LEFT,5.9,1,UNCERTAIN,0.0,LEFT,16.8,UNCERTAIN,0.0,184.0,False,uncertain_20260517_180359_122559_conf6_LEFT.jpg
2026-05-17T18:03:59.323006,LEFT,6.1,1,UNCERTAIN,0.0,LEFT,17.4,UNCERTAIN,0.0,189.7,False,uncertain_20260517_180359_321971_conf6_LEFT.jpg
2026-05-17T18:03:59.527947,LEFT,4.4,1,UNCERTAIN,0.0,LEFT,12.5,UNCERTAIN,0.0,183.8,False,uncertain_20260517_180359_523914_conf4_LEFT.jpg
2026-05-17T18:03:59.730455,LEFT,3.2,1,UNCERTAIN,0.0,LEFT,9.3,UNCERTAIN,0.0,194.5,False,uncertain_20260517_180359_729378_conf3_LEFT.jpg
2026-05-17T18:03:59.933991,LEFT,4.8,1,UNCERTAIN,0.0,LEFT,13.8,UNCERTAIN,0.0,192.3,False,uncertain_20260517_180359_932786_conf5_LEFT.jpg
2026-05-17T18:04:00.140733,LEFT,6.1,1,UNCERTAIN,0.0,LEFT,17.6,UNCERTAIN,0.0,193.7,False,uncertain_20260517_180400_139751_conf6_LEFT.jpg
2026-05-17T18:04:00.345558,LEFT,6.9,1,UNCERTAIN,0.0,LEFT,19.7,UNCERTAIN,0.0,182.5,False,uncertain_20260517_180400_344572_conf7_LEFT.jpg
2026-05-17T18:04:00.543459,LEFT,6.2,1,UNCERTAIN,0.0,LEFT,17.6,UNCERTAIN,0.0,183.5,False,uncertain_20260517_180400_542503_conf6_LEFT.jpg
2026-05-17T18:04:00.744992,LEFT,6.0,1,UNCERTAIN,0.0,LEFT,17.2,UNCERTAIN,0.0,185.3,False,uncertain_20260517_180400_743814_conf6_LEFT.jpg
2026-05-17T18:04:00.941680,LEFT,6.3,1,UNCERTAIN,0.0,LEFT,18.0,UNCERTAIN,0.0,185.4,False,uncertain_20260517_180400_940290_conf6_LEFT.jpg
2026-05-17T18:04:01.146632,LEFT,6.7,1,UNCERTAIN,0.0,LEFT,19.2,UNCERTAIN,0.0,192.9,False,uncertain_20260517_180401_145572_conf7_LEFT.jpg
2026-05-17T18:04:01.348996,LEFT,5.2,1,UNCERTAIN,0.0,LEFT,14.8,UNCERTAIN,0.0,183.3,False,uncertain_20260517_180401_345034_conf5_LEFT.jpg
2026-05-17T18:04:01.550627,LEFT,4.8,1,UNCERTAIN,0.0,LEFT,13.7,UNCERTAIN,0.0,187.5,False,uncertain_20260517_180401_549445_conf5_LEFT.jpg
2026-05-17T18:04:01.742473,LEFT,5.0,1,UNCERTAIN,0.0,LEFT,14.3,UNCERTAIN,0.0,183.9,False,uncertain_20260517_180401_741445_conf5_LEFT.jpg
2026-05-17T18:04:01.942177,LEFT,4.7,1,UNCERTAIN,0.0,LEFT,13.5,UNCERTAIN,0.0,186.4,False,uncertain_20260517_180401_941036_conf5_LEFT.jpg
2026-05-17T18:04:02.149519,LEFT,6.9,1,UNCERTAIN,0.0,LEFT,19.7,UNCERTAIN,0.0,184.5,False,uncertain_20260517_180402_148442_conf7_LEFT.jpg
2026-05-17T18:04:02.345927,LEFT,4.8,1,UNCERTAIN,0.0,LEFT,13.7,UNCERTAIN,0.0,182.3,False,uncertain_20260517_180402_341775_conf5_LEFT.jpg
2026-05-17T18:04:02.546487,LEFT,4.8,1,UNCERTAIN,0.0,LEFT,13.6,UNCERTAIN,0.0,186.5,False,uncertain_20260517_180402_545450_conf5_LEFT.jpg
2026-05-17T18:04:02.758656,LEFT,5.4,1,UNCERTAIN,0.0,LEFT,15.5,UNCERTAIN,0.0,190.5,False,uncertain_20260517_180402_757523_conf5_LEFT.jpg
2026-05-17T18:04:02.951369,LEFT,4.4,1,UNCERTAIN,0.0,LEFT,12.5,UNCERTAIN,0.0,186.0,False,uncertain_20260517_180402_950190_conf4_LEFT.jpg
2026-05-17T18:04:03.154169,LEFT,2.9,1,UNCERTAIN,0.0,LEFT,8.3,UNCERTAIN,0.0,183.7,False,uncertain_20260517_180403_150075_conf3_LEFT.jpg
2026-05-17T18:04:03.355508,LEFT,1.4,1,UNCERTAIN,0.0,LEFT,3.9,UNCERTAIN,0.0,182.2,False,uncertain_20260517_180403_354517_conf1_LEFT.jpg
2026-05-17T18:04:03.550914,LEFT,2.3,1,UNCERTAIN,0.0,LEFT,6.4,UNCERTAIN,0.0,186.1,False,uncertain_20260517_180403_549984_conf2_LEFT.jpg
2026-05-17T18:04:03.747981,LEFT,0.2,1,UNCERTAIN,0.0,LEFT,0.5,UNCERTAIN,0.0,188.8,False,uncertain_20260517_180403_746996_conf0_LEFT.jpg
2026-05-17T18:04:03.946898,LEFT,1.7,1,UNCERTAIN,0.0,LEFT,4.7,UNCERTAIN,0.0,183.6,False,uncertain_20260517_180403_942477_conf2_LEFT.jpg
2026-05-17T18:04:04.148449,LEFT,0.8,1,UNCERTAIN,0.0,LEFT,2.4,UNCERTAIN,0.0,184.2,False,uncertain_20260517_180404_147455_conf1_LEFT.jpg
2026-05-17T18:04:04.338211,RIGHT,0.5,1,UNCERTAIN,0.0,RIGHT,1.5,UNCERTAIN,0.0,181.1,False,uncertain_20260517_180404_337103_conf1_RIGHT.jpg
2026-05-17T18:04:04.541348,LEFT,0.9,1,UNCERTAIN,0.0,LEFT,2.6,UNCERTAIN,0.0,190.3,False,uncertain_20260517_180404_537395_conf1_LEFT.jpg
2026-05-17T18:04:04.741310,LEFT,2.1,1,UNCERTAIN,0.0,LEFT,6.1,UNCERTAIN,0.0,185.0,False,uncertain_20260517_180404_740277_conf2_LEFT.jpg
2026-05-17T18:04:04.940819,LEFT,2.2,1,UNCERTAIN,0.0,LEFT,6.2,UNCERTAIN,0.0,180.5,False,uncertain_20260517_180404_939453_conf2_LEFT.jpg
2026-05-17T18:04:05.139942,LEFT,2.2,1,UNCERTAIN,0.0,LEFT,6.3,UNCERTAIN,0.0,181.6,False,uncertain_20260517_180405_138864_conf2_LEFT.jpg
2026-05-17T18:04:05.342148,LEFT,4.1,1,UNCERTAIN,0.0,LEFT,11.6,UNCERTAIN,0.0,182.4,False,uncertain_20260517_180405_338215_conf4_LEFT.jpg
2026-05-17T18:04:05.533365,LEFT,2.2,1,UNCERTAIN,0.0,LEFT,6.4,UNCERTAIN,0.0,183.0,False,uncertain_20260517_180405_532327_conf2_LEFT.jpg
2026-05-17T18:04:05.744538,LEFT,2.8,1,UNCERTAIN,0.0,LEFT,7.9,UNCERTAIN,0.0,195.0,False,uncertain_20260517_180405_743400_conf3_LEFT.jpg
2026-05-17T18:04:05.940639,LEFT,1.2,1,UNCERTAIN,0.0,LEFT,3.4,UNCERTAIN,0.0,184.0,False,uncertain_20260517_180405_939608_conf1_LEFT.jpg
2026-05-17T18:04:06.149650,RIGHT,1.8,1,UNCERTAIN,0.0,RIGHT,5.2,UNCERTAIN,0.0,183.3,False,uncertain_20260517_180406_145596_conf2_RIGHT.jpg
2026-05-17T18:04:06.349850,RIGHT,1.9,1,UNCERTAIN,0.0,RIGHT,5.5,UNCERTAIN,0.0,191.9,False,uncertain_20260517_180406_348834_conf2_RIGHT.jpg
2026-05-17T18:04:06.548820,RIGHT,2.7,1,UNCERTAIN,0.0,RIGHT,7.6,UNCERTAIN,0.0,185.8,False,uncertain_20260517_180406_547650_conf3_RIGHT.jpg
2026-05-17T18:04:06.740429,RIGHT,2.9,1,UNCERTAIN,0.0,RIGHT,8.4,UNCERTAIN,0.0,183.0,False,uncertain_20260517_180406_739162_conf3_RIGHT.jpg
2026-05-17T18:04:06.932406,RIGHT,2.3,1,UNCERTAIN,0.0,RIGHT,6.4,UNCERTAIN,0.0,182.2,False,uncertain_20260517_180406_931320_conf2_RIGHT.jpg
2026-05-17T18:04:07.134461,RIGHT,0.3,1,UNCERTAIN,0.0,RIGHT,0.7,UNCERTAIN,0.0,192.9,False,uncertain_20260517_180407_133359_conf0_RIGHT.jpg
2026-05-17T18:04:07.340547,LEFT,1.8,1,UNCERTAIN,0.0,LEFT,5.1,UNCERTAIN,0.0,190.3,False,uncertain_20260517_180407_336643_conf2_LEFT.jpg
2026-05-17T18:04:07.543478,LEFT,3.1,1,UNCERTAIN,0.0,LEFT,8.7,UNCERTAIN,0.0,193.5,False,uncertain_20260517_180407_542331_conf3_LEFT.jpg
2026-05-17T18:04:07.749505,LEFT,4.0,1,UNCERTAIN,0.0,LEFT,11.5,UNCERTAIN,0.0,183.9,False,uncertain_20260517_180407_748366_conf4_LEFT.jpg
2026-05-17T18:04:07.952952,LEFT,3.2,1,UNCERTAIN,0.0,LEFT,9.3,UNCERTAIN,0.0,186.8,False,uncertain_20260517_180407_951599_conf3_LEFT.jpg
2026-05-17T18:04:08.153249,LEFT,3.6,1,UNCERTAIN,0.0,LEFT,10.4,UNCERTAIN,0.0,188.3,False,uncertain_20260517_180408_149312_conf4_LEFT.jpg
2026-05-17T18:04:08.347798,LEFT,3.1,1,UNCERTAIN,0.0,LEFT,8.9,UNCERTAIN,0.0,184.8,False,uncertain_20260517_180408_346821_conf3_LEFT.jpg
2026-05-17T18:04:08.555029,LEFT,4.4,1,UNCERTAIN,0.0,LEFT,12.5,UNCERTAIN,0.0,191.3,False,uncertain_20260517_180408_553947_conf4_LEFT.jpg
2026-05-17T18:04:08.760230,LEFT,5.1,1,UNCERTAIN,0.0,LEFT,14.7,UNCERTAIN,0.0,189.6,False,uncertain_20260517_180408_759217_conf5_LEFT.jpg
2026-05-17T18:04:08.975017,LEFT,6.7,1,UNCERTAIN,0.0,LEFT,19.2,UNCERTAIN,0.0,193.1,False,uncertain_20260517_180408_970829_conf7_LEFT.jpg
2026-05-17T18:04:09.185949,LEFT,2.5,1,UNCERTAIN,0.0,LEFT,7.1,UNCERTAIN,0.0,194.5,False,uncertain_20260517_180409_184949_conf2_LEFT.jpg
2026-05-17T18:04:09.388543,RIGHT,2.0,1,UNCERTAIN,0.0,RIGHT,5.8,UNCERTAIN,0.0,191.1,False,uncertain_20260517_180409_387356_conf2_RIGHT.jpg
2026-05-17T18:04:09.598179,LEFT,2.0,1,UNCERTAIN,0.0,LEFT,5.6,UNCERTAIN,0.0,190.2,False,uncertain_20260517_180409_594182_conf2_LEFT.jpg
2026-05-17T18:04:09.805145,LEFT,5.3,1,UNCERTAIN,0.0,LEFT,15.1,UNCERTAIN,0.0,193.0,False,uncertain_20260517_180409_804241_conf5_LEFT.jpg
2026-05-17T18:04:10.012236,RIGHT,19.4,1,UNCERTAIN,0.0,RIGHT,55.6,UNCERTAIN,0.0,192.1,False,uncertain_20260517_180410_011237_conf19_RIGHT.jpg
2026-05-17T18:04:10.219915,RIGHT,21.0,1,UNCERTAIN,0.0,RIGHT,60.1,UNCERTAIN,0.0,190.5,False,uncertain_20260517_180410_218958_conf21_RIGHT.jpg
2026-05-17T18:04:10.423308,RIGHT,20.6,1,UNCERTAIN,0.0,RIGHT,58.9,UNCERTAIN,0.0,190.3,False,uncertain_20260517_180410_419073_conf21_RIGHT.jpg
2026-05-17T18:04:10.618840,RIGHT,20.3,1,UNCERTAIN,0.0,RIGHT,58.1,UNCERTAIN,0.0,187.6,False,uncertain_20260517_180410_617711_conf20_RIGHT.jpg
2026-05-17T18:04:10.836417,RIGHT,18.9,1,UNCERTAIN,0.0,RIGHT,54.0,UNCERTAIN,0.0,197.3,False,uncertain_20260517_180410_835184_conf19_RIGHT.jpg
2026-05-17T18:04:11.044950,RIGHT,19.3,1,UNCERTAIN,0.0,RIGHT,55.1,UNCERTAIN,0.0,188.1,False,uncertain_20260517_180411_043899_conf19_RIGHT.jpg
2026-05-17T18:04:11.257531,RIGHT,19.8,1,UNCERTAIN,0.0,RIGHT,56.5,UNCERTAIN,0.0,187.7,False,uncertain_20260517_180411_253364_conf20_RIGHT.jpg
2026-05-17T18:04:11.462040,RIGHT,20.7,1,UNCERTAIN,0.0,RIGHT,59.2,UNCERTAIN,0.0,190.4,False,uncertain_20260517_180411_460804_conf21_RIGHT.jpg
2026-05-17T18:04:11.664884,RIGHT,20.3,1,UNCERTAIN,0.0,RIGHT,58.1,UNCERTAIN,0.0,192.0,False,uncertain_20260517_180411_663859_conf20_RIGHT.jpg
2026-05-17T18:04:11.865130,RIGHT,19.0,1,UNCERTAIN,0.0,RIGHT,54.2,UNCERTAIN,0.0,190.7,False,uncertain_20260517_180411_863936_conf19_RIGHT.jpg
2026-05-17T18:04:12.080963,RIGHT,18.8,1,UNCERTAIN,0.0,RIGHT,53.7,UNCERTAIN,0.0,190.1,False,uncertain_20260517_180412_076614_conf19_RIGHT.jpg
2026-05-17T18:04:12.279379,RIGHT,12.2,1,UNCERTAIN,0.0,RIGHT,34.8,UNCERTAIN,0.0,189.6,False,uncertain_20260517_180412_278267_conf12_RIGHT.jpg
2026-05-17T18:04:12.487879,LEFT,2.4,1,UNCERTAIN,0.0,LEFT,6.7,UNCERTAIN,0.0,188.8,False,uncertain_20260517_180412_486501_conf2_LEFT.jpg
2026-05-17T18:04:12.685479,LEFT,0.0,1,UNCERTAIN,0.0,LEFT,0.0,UNCERTAIN,0.0,189.5,False,uncertain_20260517_180412_684213_conf0_LEFT.jpg
2026-05-17T18:04:12.885258,RIGHT,1.6,1,UNCERTAIN,0.0,RIGHT,4.6,UNCERTAIN,0.0,186.0,False,uncertain_20260517_180412_883845_conf2_RIGHT.jpg
2026-05-17T18:04:13.082333,RIGHT,0.4,1,UNCERTAIN,0.0,RIGHT,1.0,UNCERTAIN,0.0,186.7,False,uncertain_20260517_180413_081068_conf0_RIGHT.jpg
2026-05-17T18:04:13.291021,LEFT,1.4,1,UNCERTAIN,0.0,LEFT,4.1,UNCERTAIN,0.0,187.1,False,uncertain_20260517_180413_289854_conf1_LEFT.jpg
2026-05-17T18:04:13.491834,LEFT,0.9,1,UNCERTAIN,0.0,LEFT,2.5,UNCERTAIN,0.0,191.2,False,uncertain_20260517_180413_490789_conf1_LEFT.jpg
2026-05-17T18:04:13.694353,LEFT,1.6,1,UNCERTAIN,0.0,LEFT,4.5,UNCERTAIN,0.0,191.0,False,uncertain_20260517_180413_689830_conf2_LEFT.jpg
2026-05-17T18:04:13.886125,LEFT,1.9,1,UNCERTAIN,0.0,LEFT,5.5,UNCERTAIN,0.0,184.2,False,uncertain_20260517_180413_885095_conf2_LEFT.jpg
2026-05-17T18:04:14.085090,LEFT,1.2,1,UNCERTAIN,0.0,LEFT,3.5,UNCERTAIN,0.0,184.7,False,uncertain_20260517_180414_083964_conf1_LEFT.jpg
2026-05-17T18:04:14.297043,LEFT,2.5,1,UNCERTAIN,0.0,LEFT,7.1,UNCERTAIN,0.0,196.2,False,uncertain_20260517_180414_295875_conf2_LEFT.jpg
2026-05-17T18:04:14.500201,RIGHT,6.2,1,UNCERTAIN,0.0,RIGHT,17.6,UNCERTAIN,0.0,186.3,False,uncertain_20260517_180414_498922_conf6_RIGHT.jpg
2026-05-17T18:04:14.708359,RIGHT,8.6,1,UNCERTAIN,0.0,RIGHT,24.6,UNCERTAIN,0.0,188.3,False,uncertain_20260517_180414_707117_conf9_RIGHT.jpg
2026-05-17T18:04:14.902469,RIGHT,8.6,1,UNCERTAIN,0.0,RIGHT,24.4,UNCERTAIN,0.0,183.6,False,uncertain_20260517_180414_899996_conf9_RIGHT.jpg
2026-05-17T18:04:15.095988,LEFT,4.6,1,UNCERTAIN,0.0,LEFT,13.0,UNCERTAIN,0.0,186.1,False,uncertain_20260517_180415_094967_conf5_LEFT.jpg
2026-05-17T18:04:15.292601,LEFT,5.8,1,UNCERTAIN,0.0,LEFT,16.6,UNCERTAIN,0.0,189.6,False,uncertain_20260517_180415_291547_conf6_LEFT.jpg
2026-05-17T18:04:15.485900,LEFT,5.5,1,UNCERTAIN,0.0,LEFT,15.7,UNCERTAIN,0.0,186.7,False,uncertain_20260517_180415_484790_conf5_LEFT.jpg
2026-05-17T18:04:15.683086,LEFT,4.7,1,UNCERTAIN,0.0,LEFT,13.3,UNCERTAIN,0.0,184.2,False,uncertain_20260517_180415_681946_conf5_LEFT.jpg
2026-05-17T18:04:15.873444,LEFT,4.2,1,UNCERTAIN,0.0,LEFT,11.9,UNCERTAIN,0.0,183.8,False,uncertain_20260517_180415_872372_conf4_LEFT.jpg
2026-05-17T18:04:16.067981,LEFT,4.7,1,UNCERTAIN,0.0,LEFT,13.4,UNCERTAIN,0.0,184.1,False,uncertain_20260517_180416_067057_conf5_LEFT.jpg
2026-05-17T18:04:16.296933,LEFT,2.4,1,UNCERTAIN,0.0,LEFT,6.8,UNCERTAIN,0.0,196.2,False,uncertain_20260517_180416_295882_conf2_LEFT.jpg
2026-05-17T18:04:16.534704,LEFT,0.3,1,UNCERTAIN,0.0,LEFT,0.7,UNCERTAIN,0.0,199.1,False,uncertain_20260517_180416_533563_conf0_LEFT.jpg
2026-05-17T18:04:16.727031,LEFT,2.0,1,UNCERTAIN,0.0,LEFT,5.8,UNCERTAIN,0.0,185.0,False,uncertain_20260517_180416_725974_conf2_LEFT.jpg
2026-05-17T18:04:16.933442,LEFT,2.7,1,UNCERTAIN,0.0,LEFT,7.6,UNCERTAIN,0.0,185.1,False,uncertain_20260517_180416_932488_conf3_LEFT.jpg
2026-05-17T18:04:17.124372,LEFT,1.7,1,UNCERTAIN,0.0,LEFT,4.9,UNCERTAIN,0.0,182.7,False,uncertain_20260517_180417_123288_conf2_LEFT.jpg
2026-05-17T18:04:17.429755,LEFT,0.8,1,UNCERTAIN,0.0,LEFT,2.2,UNCERTAIN,0.0,199.3,False,uncertain_20260517_180417_428688_conf1_LEFT.jpg
2026-05-17T18:04:17.668580,LEFT,1.0,1,UNCERTAIN,0.0,LEFT,2.8,UNCERTAIN,0.0,220.7,False,uncertain_20260517_180417_666429_conf1_LEFT.jpg
2026-05-17T18:04:17.931928,LEFT,0.9,1,UNCERTAIN,0.0,LEFT,2.4,UNCERTAIN,0.0,249.3,False,uncertain_20260517_180417_930620_conf1_LEFT.jpg
2026-05-17T18:04:18.157055,LEFT,2.1,1,UNCERTAIN,0.0,LEFT,6.0,UNCERTAIN,0.0,209.2,False,uncertain_20260517_180418_155696_conf2_LEFT.jpg
2026-05-17T18:04:18.359597,LEFT,1.8,1,UNCERTAIN,0.0,LEFT,5.2,UNCERTAIN,0.0,194.2,False,uncertain_20260517_180418_358463_conf2_LEFT.jpg
2026-05-17T18:04:18.568843,LEFT,1.7,1,UNCERTAIN,0.0,LEFT,4.8,UNCERTAIN,0.0,186.7,False,uncertain_20260517_180418_567736_conf2_LEFT.jpg
2026-05-17T18:04:18.775290,LEFT,2.2,1,UNCERTAIN,0.0,LEFT,6.3,UNCERTAIN,0.0,189.5,False,uncertain_20260517_180418_774034_conf2_LEFT.jpg
2026-05-17T18:04:18.978708,LEFT,2.9,1,UNCERTAIN,0.0,LEFT,8.2,UNCERTAIN,0.0,190.7,False,uncertain_20260517_180418_977331_conf3_LEFT.jpg
2026-05-17T18:04:19.182473,LEFT,1.6,1,UNCERTAIN,0.0,LEFT,4.7,UNCERTAIN,0.0,189.1,False,uncertain_20260517_180419_181177_conf2_LEFT.jpg
2026-05-17T18:04:19.387296,LEFT,1.5,1,UNCERTAIN,0.0,LEFT,4.3,UNCERTAIN,0.0,191.8,False,uncertain_20260517_180419_382719_conf2_LEFT.jpg
2026-05-17T18:04:19.600015,LEFT,1.4,1,UNCERTAIN,0.0,LEFT,4.0,UNCERTAIN,0.0,204.6,False,uncertain_20260517_180419_598895_conf1_LEFT.jpg
2026-05-17T18:04:19.798134,LEFT,0.4,1,UNCERTAIN,0.0,LEFT,1.2,UNCERTAIN,0.0,189.3,False,uncertain_20260517_180419_797053_conf0_LEFT.jpg
2026-05-17T18:04:20.005067,RIGHT,0.4,1,UNCERTAIN,0.0,RIGHT,1.1,UNCERTAIN,0.0,184.0,False,uncertain_20260517_180420_003792_conf0_RIGHT.jpg
2026-05-17T18:04:20.198871,RIGHT,0.3,1,UNCERTAIN,0.0,RIGHT,0.9,UNCERTAIN,0.0,184.9,False,uncertain_20260517_180420_196639_conf0_RIGHT.jpg
2026-05-17T18:04:20.404854,RIGHT,0.3,1,UNCERTAIN,0.0,RIGHT,0.7,UNCERTAIN,0.0,188.4,False,uncertain_20260517_180420_403714_conf0_RIGHT.jpg
2026-05-17T18:04:20.618255,LEFT,0.4,1,UNCERTAIN,0.0,LEFT,1.0,UNCERTAIN,0.0,190.1,False,uncertain_20260517_180420_617331_conf0_LEFT.jpg
2026-05-17T18:04:20.813929,LEFT,1.1,1,UNCERTAIN,0.0,LEFT,3.2,UNCERTAIN,0.0,183.8,False,uncertain_20260517_180420_812886_conf1_LEFT.jpg
2026-05-17T18:04:21.009031,LEFT,0.4,1,UNCERTAIN,0.0,LEFT,1.1,UNCERTAIN,0.0,185.7,False,uncertain_20260517_180421_004800_conf0_LEFT.jpg
2026-05-17T18:04:21.210258,LEFT,0.7,1,UNCERTAIN,0.0,LEFT,2.1,UNCERTAIN,0.0,189.8,False,uncertain_20260517_180421_209160_conf1_LEFT.jpg
2026-05-17T18:04:21.455293,LEFT,0.0,1,UNCERTAIN,0.0,LEFT,0.1,UNCERTAIN,0.0,224.9,False,uncertain_20260517_180421_453830_conf0_LEFT.jpg
2026-05-17T18:04:21.660064,LEFT,0.2,1,UNCERTAIN,0.0,LEFT,0.6,UNCERTAIN,0.0,196.0,False,uncertain_20260517_180421_658979_conf0_LEFT.jpg
2026-05-17T18:04:21.870303,RIGHT,0.5,1,UNCERTAIN,0.0,RIGHT,1.5,UNCERTAIN,0.0,187.2,False,uncertain_20260517_180421_869194_conf1_RIGHT.jpg
2026-05-17T18:04:22.077981,RIGHT,0.9,1,UNCERTAIN,0.0,RIGHT,2.7,UNCERTAIN,0.0,194.3,False,uncertain_20260517_180422_076888_conf1_RIGHT.jpg
2026-05-17T18:04:22.289541,RIGHT,0.5,1,UNCERTAIN,0.0,RIGHT,1.4,UNCERTAIN,0.0,190.4,False,uncertain_20260517_180422_288359_conf0_RIGHT.jpg
2026-05-17T18:04:41.364251,LEFT,25.6,2,UNCERTAIN,0.0,RIGHT,5.0,LEFT,95.4,296.6,False,uncertain_20260517_180441_362880_conf26_LEFT.jpg
2026-05-17T18:04:41.643959,RIGHT,25.0,2,UNCERTAIN,0.0,LEFT,3.3,RIGHT,95.4,219.4,False,uncertain_20260517_180441_642437_conf25_RIGHT.jpg
2026-05-17T18:04:41.858738,RIGHT,26.7,2,UNCERTAIN,0.0,LEFT,8.0,RIGHT,95.7,204.6,False,uncertain_20260517_180441_857297_conf27_RIGHT.jpg
2026-05-17T18:04:42.078748,LEFT,27.1,2,UNCERTAIN,0.0,LEFT,9.1,LEFT,95.6,202.2,False,uncertain_20260517_180442_077815_conf27_LEFT.jpg
2026-05-17T18:04:42.305480,RIGHT,26.6,2,UNCERTAIN,0.0,LEFT,9.2,RIGHT,93.5,214.6,False,uncertain_20260517_180442_302899_conf27_RIGHT.jpg
2026-05-17T18:04:42.519174,LEFT,25.1,2,UNCERTAIN,0.0,LEFT,3.2,LEFT,95.7,201.4,False,uncertain_20260517_180442_517812_conf25_LEFT.jpg
2026-05-17T18:04:42.756919,LEFT,25.9,2,UNCERTAIN,0.0,LEFT,5.5,LEFT,95.8,213.5,False,uncertain_20260517_180442_755783_conf26_LEFT.jpg
2026-05-17T18:04:42.970455,RIGHT,26.2,2,UNCERTAIN,0.0,LEFT,6.3,RIGHT,96.1,199.1,False,uncertain_20260517_180442_968975_conf26_RIGHT.jpg
2026-05-17T18:04:43.191333,RIGHT,26.2,2,UNCERTAIN,0.0,LEFT,6.3,RIGHT,96.0,209.2,False,uncertain_20260517_180443_190240_conf26_RIGHT.jpg
2026-05-17T18:04:43.427750,RIGHT,26.6,2,UNCERTAIN,0.0,LEFT,8.0,RIGHT,95.4,215.4,False,uncertain_20260517_180443_423675_conf27_RIGHT.jpg
2026-05-17T18:04:43.653902,RIGHT,26.8,2,UNCERTAIN,0.0,LEFT,8.4,RIGHT,95.4,214.2,False,uncertain_20260517_180443_652053_conf27_RIGHT.jpg
2026-05-17T18:04:43.906207,RIGHT,28.0,2,UNCERTAIN,0.0,LEFT,11.8,RIGHT,95.6,233.7,False,uncertain_20260517_180443_904936_conf28_RIGHT.jpg
2026-05-17T18:04:44.140362,RIGHT,28.5,2,UNCERTAIN,0.0,LEFT,12.7,RIGHT,96.2,213.3,False,uncertain_20260517_180444_139098_conf29_RIGHT.jpg
2026-05-17T18:04:44.378803,RIGHT,27.8,2,UNCERTAIN,0.0,LEFT,10.6,RIGHT,96.2,225.3,False,uncertain_20260517_180444_376416_conf28_RIGHT.jpg
2026-05-17T18:04:44.603738,RIGHT,27.4,2,UNCERTAIN,0.0,LEFT,9.9,RIGHT,95.6,215.3,False,uncertain_20260517_180444_602253_conf27_RIGHT.jpg
2026-05-17T18:04:44.835524,RIGHT,27.4,2,UNCERTAIN,0.0,LEFT,9.8,RIGHT,95.9,219.3,False,uncertain_20260517_180444_834002_conf27_RIGHT.jpg
2026-05-17T18:04:45.072222,RIGHT,28.2,2,UNCERTAIN,0.0,LEFT,12.0,RIGHT,95.8,218.1,False,uncertain_20260517_180445_071093_conf28_RIGHT.jpg
2026-05-17T18:04:45.313820,RIGHT,28.4,2,UNCERTAIN,0.0,LEFT,12.6,RIGHT,95.9,215.2,False,uncertain_20260517_180445_309709_conf28_RIGHT.jpg
2026-05-17T18:04:45.551908,RIGHT,28.6,2,UNCERTAIN,0.0,LEFT,13.3,RIGHT,95.8,224.3,False,uncertain_20260517_180445_550833_conf29_RIGHT.jpg
2026-05-17T18:04:45.784540,RIGHT,28.2,2,UNCERTAIN,0.0,LEFT,12.1,RIGHT,95.9,211.1,False,uncertain_20260517_180445_783050_conf28_RIGHT.jpg
2026-05-17T18:04:46.004177,RIGHT,28.2,2,UNCERTAIN,0.0,LEFT,11.8,RIGHT,96.3,207.3,False,uncertain_20260517_180446_003054_conf28_RIGHT.jpg
2026-05-17T18:04:46.241421,RIGHT,28.3,2,UNCERTAIN,0.0,LEFT,12.5,RIGHT,95.7,214.4,False,uncertain_20260517_180446_237016_conf28_RIGHT.jpg
2026-05-17T18:04:46.475914,RIGHT,27.9,2,UNCERTAIN,0.0,LEFT,10.8,RIGHT,96.3,215.5,False,uncertain_20260517_180446_474651_conf28_RIGHT.jpg
2026-05-17T18:04:46.704713,RIGHT,28.8,2,UNCERTAIN,0.0,LEFT,13.7,RIGHT,96.0,211.3,False,uncertain_20260517_180446_703397_conf29_RIGHT.jpg
2026-05-17T18:04:46.923563,RIGHT,27.6,2,UNCERTAIN,0.0,LEFT,10.5,RIGHT,95.8,208.7,False,uncertain_20260517_180446_922464_conf28_RIGHT.jpg
2026-05-17T18:04:47.162154,RIGHT,27.5,2,UNCERTAIN,0.0,LEFT,10.7,RIGHT,95.2,217.2,False,uncertain_20260517_180447_158221_conf28_RIGHT.jpg
2026-05-17T18:04:47.382085,RIGHT,28.6,2,UNCERTAIN,0.0,LEFT,13.0,RIGHT,96.1,210.9,False,uncertain_20260517_180447_381036_conf29_RIGHT.jpg
2026-05-17T18:04:47.608429,RIGHT,27.9,2,UNCERTAIN,0.0,LEFT,10.9,RIGHT,96.2,214.6,False,uncertain_20260517_180447_607260_conf28_RIGHT.jpg
2026-05-17T18:04:47.839974,RIGHT,27.0,2,UNCERTAIN,0.0,LEFT,9.0,RIGHT,95.5,216.1,False,uncertain_20260517_180447_838714_conf27_RIGHT.jpg
2026-05-17T18:04:48.069817,RIGHT,28.1,2,UNCERTAIN,0.0,LEFT,11.7,RIGHT,96.1,206.6,False,uncertain_20260517_180448_067223_conf28_RIGHT.jpg
2026-05-17T18:04:48.313735,RIGHT,27.3,2,UNCERTAIN,0.0,LEFT,9.5,RIGHT,96.1,225.7,False,uncertain_20260517_180448_312237_conf27_RIGHT.jpg
2026-05-17T18:04:48.544124,RIGHT,27.4,2,UNCERTAIN,0.0,LEFT,10.1,RIGHT,95.6,216.8,False,uncertain_20260517_180448_543231_conf27_RIGHT.jpg
2026-05-17T18:04:48.771623,RIGHT,29.0,2,UNCERTAIN,0.0,LEFT,14.4,RIGHT,95.8,205.0,False,uncertain_20260517_180448_770066_conf29_RIGHT.jpg
2026-05-17T18:04:49.024235,RIGHT,29.2,2,UNCERTAIN,0.0,LEFT,14.4,RIGHT,96.5,227.7,False,uncertain_20260517_180449_020037_conf29_RIGHT.jpg
2026-05-17T18:04:49.258482,RIGHT,27.6,2,UNCERTAIN,0.0,LEFT,10.1,RIGHT,96.4,210.8,False,uncertain_20260517_180449_257138_conf28_RIGHT.jpg
2026-05-17T18:04:49.473836,RIGHT,25.4,2,UNCERTAIN,0.0,LEFT,3.9,RIGHT,96.3,203.7,False,uncertain_20260517_180449_472380_conf25_RIGHT.jpg
2026-05-17T18:04:49.691336,RIGHT,25.1,2,UNCERTAIN,0.0,RIGHT,3.3,RIGHT,96.0,208.5,False,uncertain_20260517_180449_690013_conf25_RIGHT.jpg
2026-05-17T18:04:49.907383,RIGHT,25.4,2,UNCERTAIN,0.0,RIGHT,4.1,RIGHT,95.7,203.8,False,uncertain_20260517_180449_902719_conf25_RIGHT.jpg
2026-05-17T18:04:50.138806,LEFT,25.4,2,UNCERTAIN,0.0,RIGHT,4.4,LEFT,95.6,214.7,False,uncertain_20260517_180450_137769_conf25_LEFT.jpg
2026-05-17T18:04:50.351388,RIGHT,25.4,2,UNCERTAIN,0.0,RIGHT,4.5,RIGHT,95.4,203.8,False,uncertain_20260517_180450_349879_conf25_RIGHT.jpg
2026-05-17T18:04:50.566634,RIGHT,26.2,2,UNCERTAIN,0.0,RIGHT,6.9,RIGHT,95.2,205.9,False,uncertain_20260517_180450_565387_conf26_RIGHT.jpg
2026-05-17T18:04:50.816989,RIGHT,25.0,2,UNCERTAIN,0.0,RIGHT,3.2,RIGHT,95.4,234.7,False,uncertain_20260517_180450_812793_conf25_RIGHT.jpg
2026-05-17T18:04:51.034485,LEFT,25.6,2,UNCERTAIN,0.0,RIGHT,5.0,LEFT,95.3,207.7,False,uncertain_20260517_180451_033276_conf26_LEFT.jpg
2026-05-17T18:04:51.276385,RIGHT,24.4,2,UNCERTAIN,0.0,RIGHT,2.0,RIGHT,94.9,227.7,False,uncertain_20260517_180451_275200_conf24_RIGHT.jpg
2026-05-17T18:04:51.500801,RIGHT,25.5,2,UNCERTAIN,0.0,LEFT,5.0,RIGHT,95.2,214.0,False,uncertain_20260517_180451_499472_conf26_RIGHT.jpg
2026-05-17T18:04:51.722747,RIGHT,41.2,2,UNCERTAIN,0.0,RIGHT,49.5,RIGHT,95.5,211.7,False,uncertain_20260517_180451_720579_conf41_RIGHT.jpg
2026-05-17T18:04:52.192671,LEFT,28.0,2,UNCERTAIN,0.0,RIGHT,13.4,LEFT,93.4,216.4,False,uncertain_20260517_180452_191578_conf28_LEFT.jpg
2026-05-17T18:04:52.433005,RIGHT,25.0,2,UNCERTAIN,0.0,LEFT,3.5,RIGHT,95.1,226.9,False,uncertain_20260517_180452_431638_conf25_RIGHT.jpg
2026-05-17T18:04:52.681963,RIGHT,24.5,2,UNCERTAIN,0.0,RIGHT,2.2,RIGHT,95.0,226.0,False,uncertain_20260517_180452_680852_conf25_RIGHT.jpg
2026-05-17T18:04:52.921173,RIGHT,23.9,2,UNCERTAIN,0.0,LEFT,0.6,RIGHT,94.9,222.5,False,uncertain_20260517_180452_917019_conf24_RIGHT.jpg
2026-05-17T18:04:53.163421,RIGHT,26.5,2,UNCERTAIN,0.0,LEFT,7.8,RIGHT,94.9,221.8,False,uncertain_20260517_180453_162184_conf26_RIGHT.jpg
2026-05-17T18:04:53.392664,RIGHT,25.6,2,UNCERTAIN,0.0,LEFT,5.4,RIGHT,94.9,220.4,False,uncertain_20260517_180453_391553_conf26_RIGHT.jpg
2026-05-17T18:04:53.645009,RIGHT,29.5,2,UNCERTAIN,0.0,RIGHT,16.5,RIGHT,94.7,236.5,False,uncertain_20260517_180453_643900_conf29_RIGHT.jpg
2026-05-17T18:04:53.892278,RIGHT,32.6,2,LEFT,0.2,RIGHT,24.9,RIGHT,95.2,228.9,False,uncertain_20260517_180453_890846_conf33_RIGHT.jpg
2026-05-17T18:04:54.107972,RIGHT,28.7,2,LEFT,0.4,RIGHT,14.1,RIGHT,94.5,202.2,False,uncertain_20260517_180454_106802_conf29_RIGHT.jpg
2026-05-17T18:04:54.316358,RIGHT,28.8,2,LEFT,0.4,RIGHT,15.1,RIGHT,93.5,199.0,False,uncertain_20260517_180454_315186_conf29_RIGHT.jpg
2026-05-17T18:04:54.528281,RIGHT,25.5,2,LEFT,0.2,RIGHT,5.4,RIGHT,94.2,201.9,False,uncertain_20260517_180454_527099_conf25_RIGHT.jpg
2026-05-17T18:04:54.751421,RIGHT,27.2,2,LEFT,0.1,RIGHT,11.1,RIGHT,93.2,196.5,False,uncertain_20260517_180454_747366_conf27_RIGHT.jpg
2026-05-17T18:04:54.964923,RIGHT,28.6,2,LEFT,0.2,RIGHT,15.6,RIGHT,92.2,188.2,False,uncertain_20260517_180454_963861_conf29_RIGHT.jpg
2026-05-17T18:04:55.186861,RIGHT,28.5,2,LEFT,0.2,RIGHT,13.9,RIGHT,94.4,209.9,False,uncertain_20260517_180455_185602_conf29_RIGHT.jpg
2026-05-17T18:04:55.426910,RIGHT,30.1,2,LEFT,0.2,RIGHT,19.9,RIGHT,92.2,218.5,False,uncertain_20260517_180455_425834_conf30_RIGHT.jpg
2026-05-17T18:04:55.663637,RIGHT,28.5,2,LEFT,0.2,RIGHT,14.0,RIGHT,94.0,212.2,False,uncertain_20260517_180455_659452_conf29_RIGHT.jpg
2026-05-17T18:04:55.895756,RIGHT,30.3,2,LEFT,0.2,RIGHT,20.5,RIGHT,92.0,219.9,False,uncertain_20260517_180455_894404_conf30_RIGHT.jpg
2026-05-17T18:04:56.109509,RIGHT,29.5,2,LEFT,0.2,RIGHT,16.2,RIGHT,95.1,198.6,False,uncertain_20260517_180456_107975_conf30_RIGHT.jpg
2026-05-17T18:04:56.332872,RIGHT,29.5,2,LEFT,0.2,RIGHT,18.1,RIGHT,92.3,214.2,False,uncertain_20260517_180456_331592_conf29_RIGHT.jpg
2026-05-17T18:04:56.551520,RIGHT,29.3,2,LEFT,0.2,RIGHT,17.6,RIGHT,92.2,208.7,False,uncertain_20260517_180456_549202_conf29_RIGHT.jpg
2026-05-17T18:04:56.772731,RIGHT,30.1,2,LEFT,0.2,RIGHT,18.5,RIGHT,94.3,206.6,False,uncertain_20260517_180456_771430_conf30_RIGHT.jpg
2026-05-17T18:04:56.993693,RIGHT,29.2,2,LEFT,0.2,RIGHT,15.7,RIGHT,94.4,202.7,False,uncertain_20260517_180456_992522_conf29_RIGHT.jpg
2026-05-17T18:04:57.195726,RIGHT,30.9,2,LEFT,0.2,RIGHT,22.0,RIGHT,92.5,193.6,False,uncertain_20260517_180457_194625_conf31_RIGHT.jpg
2026-05-17T18:04:58.984911,RIGHT,30.0,2,LEFT,0.2,RIGHT,18.4,RIGHT,93.9,205.8,False,uncertain_20260517_180458_983771_conf30_RIGHT.jpg
2026-05-17T18:04:59.205361,RIGHT,31.8,2,LEFT,0.2,RIGHT,22.6,RIGHT,95.4,210.4,False,uncertain_20260517_180459_203982_conf32_RIGHT.jpg
2026-05-17T18:04:59.437724,RIGHT,39.2,2,UNCERTAIN,0.0,LEFT,44.4,RIGHT,94.7,218.0,False,uncertain_20260517_180459_436245_conf39_RIGHT.jpg
2026-05-17T18:04:59.663669,RIGHT,32.3,2,UNCERTAIN,0.0,LEFT,24.1,RIGHT,95.5,214.7,False,uncertain_20260517_180459_662554_conf32_RIGHT.jpg
2026-05-17T18:04:59.897502,RIGHT,32.4,2,UNCERTAIN,0.0,LEFT,25.3,RIGHT,94.2,220.1,False,uncertain_20260517_180459_893389_conf32_RIGHT.jpg
2026-05-17T18:05:00.128427,RIGHT,26.0,2,UNCERTAIN,0.0,LEFT,6.9,RIGHT,94.2,217.3,False,uncertain_20260517_180500_127323_conf26_RIGHT.jpg
2026-05-17T18:05:00.360012,RIGHT,39.8,2,UNCERTAIN,0.0,LEFT,46.8,RIGHT,93.8,209.3,False,uncertain_20260517_180500_358428_conf40_RIGHT.jpg
2026-05-17T18:05:00.575620,RIGHT,45.3,2,UNCERTAIN,0.0,LEFT,60.8,RIGHT,96.0,202.5,False,uncertain_20260517_180500_574417_conf45_RIGHT.jpg
2026-05-17T18:05:00.802947,RIGHT,24.3,2,UNCERTAIN,0.0,LEFT,1.1,RIGHT,95.6,207.2,False,uncertain_20260517_180500_801834_conf24_RIGHT.jpg
2026-05-17T18:05:01.030679,RIGHT,26.6,2,UNCERTAIN,0.0,LEFT,8.3,RIGHT,94.9,216.6,False,uncertain_20260517_180501_029421_conf27_RIGHT.jpg
2026-05-17T18:05:01.261245,LEFT,27.1,2,UNCERTAIN,0.0,LEFT,10.0,LEFT,94.2,210.1,False,uncertain_20260517_180501_259741_conf27_LEFT.jpg
2026-05-17T18:05:01.472322,RIGHT,29.2,2,UNCERTAIN,0.0,LEFT,16.2,RIGHT,94.1,202.0,False,uncertain_20260517_180501_471107_conf29_RIGHT.jpg
2026-05-17T18:05:01.709627,RIGHT,29.3,2,UNCERTAIN,0.0,LEFT,16.6,RIGHT,94.1,224.6,False,uncertain_20260517_180501_708608_conf29_RIGHT.jpg
2026-05-17T18:05:01.933751,RIGHT,28.9,2,UNCERTAIN,0.0,LEFT,15.0,RIGHT,94.6,213.4,False,uncertain_20260517_180501_931275_conf29_RIGHT.jpg
2026-05-17T18:05:02.148258,RIGHT,28.9,2,UNCERTAIN,0.0,LEFT,15.0,RIGHT,94.5,201.6,False,uncertain_20260517_180502_147120_conf29_RIGHT.jpg
2026-05-17T18:05:02.370207,LEFT,27.0,2,UNCERTAIN,0.0,LEFT,9.9,LEFT,94.3,207.4,False,uncertain_20260517_180502_368672_conf27_LEFT.jpg
2026-05-17T18:05:02.601155,LEFT,26.2,2,UNCERTAIN,0.0,LEFT,7.3,LEFT,94.6,208.8,False,uncertain_20260517_180502_600134_conf26_LEFT.jpg
2026-05-17T18:05:02.830390,LEFT,45.9,2,UNCERTAIN,0.0,LEFT,63.4,LEFT,94.7,208.0,False,uncertain_20260517_180502_826353_conf46_LEFT.jpg
2026-05-17T18:05:03.051785,LEFT,38.2,2,UNCERTAIN,0.0,RIGHT,41.2,LEFT,95.2,210.6,False,uncertain_20260517_180503_050615_conf38_LEFT.jpg
2026-05-17T18:05:03.274298,RIGHT,40.1,2,UNCERTAIN,0.0,RIGHT,46.5,RIGHT,95.2,211.0,False,uncertain_20260517_180503_272919_conf40_RIGHT.jpg
2026-05-17T18:05:03.511962,RIGHT,45.8,2,UNCERTAIN,0.0,RIGHT,63.1,RIGHT,95.0,223.0,False,uncertain_20260517_180503_510724_conf46_RIGHT.jpg
2026-05-17T18:05:03.752637,RIGHT,45.9,2,UNCERTAIN,0.0,RIGHT,63.3,RIGHT,94.9,219.7,False,uncertain_20260517_180503_748693_conf46_RIGHT.jpg
2026-05-17T18:05:03.984783,RIGHT,43.4,2,UNCERTAIN,0.0,LEFT,57.2,RIGHT,93.6,218.6,False,uncertain_20260517_180503_983347_conf43_RIGHT.jpg
2026-05-17T18:05:04.221980,RIGHT,43.4,2,UNCERTAIN,0.0,LEFT,56.0,RIGHT,95.3,215.8,False,uncertain_20260517_180504_220771_conf43_RIGHT.jpg
2026-05-17T18:05:04.468648,LEFT,43.7,2,UNCERTAIN,0.0,RIGHT,57.4,LEFT,94.5,230.4,False,uncertain_20260517_180504_467384_conf44_LEFT.jpg
2026-05-17T18:05:04.715302,LEFT,43.2,2,UNCERTAIN,0.0,RIGHT,55.6,LEFT,94.9,227.4,False,uncertain_20260517_180504_712825_conf43_LEFT.jpg
2026-05-17T18:05:04.928859,RIGHT,48.2,1,RIGHT,0.2,RIGHT,69.1,RIGHT,95.7,202.0,False,uncertain_20260517_180504_927511_conf48_RIGHT.jpg
2026-05-17T18:05:05.139640,RIGHT,47.3,2,RIGHT,0.3,RIGHT,67.0,RIGHT,95.0,190.6,False,uncertain_20260517_180505_138459_conf47_RIGHT.jpg
2026-05-17T18:05:05.354038,RIGHT,47.4,2,RIGHT,0.2,RIGHT,66.7,RIGHT,96.1,196.1,False,uncertain_20260517_180505_353023_conf47_RIGHT.jpg
2026-05-17T18:05:05.566635,RIGHT,45.7,2,RIGHT,0.3,RIGHT,62.7,RIGHT,94.8,199.1,False,uncertain_20260517_180505_562507_conf46_RIGHT.jpg
2026-05-17T18:05:05.765793,RIGHT,46.1,2,RIGHT,0.3,RIGHT,63.6,RIGHT,95.0,191.0,False,uncertain_20260517_180505_764644_conf46_RIGHT.jpg
2026-05-17T18:05:05.974906,RIGHT,47.7,2,RIGHT,0.4,RIGHT,67.9,RIGHT,95.1,193.1,False,uncertain_20260517_180505_973640_conf48_RIGHT.jpg
2026-05-17T18:05:06.196315,RIGHT,46.4,2,RIGHT,0.4,RIGHT,64.4,RIGHT,95.1,205.5,False,uncertain_20260517_180506_195039_conf46_RIGHT.jpg
2026-05-17T18:05:06.430107,LEFT,44.8,2,RIGHT,0.4,RIGHT,60.5,LEFT,93.8,214.3,False,uncertain_20260517_180506_426004_conf45_LEFT.jpg
2026-05-17T18:05:06.654667,RIGHT,45.5,2,RIGHT,0.5,RIGHT,61.5,RIGHT,95.1,201.6,False,uncertain_20260517_180506_653304_conf45_RIGHT.jpg
2026-05-17T18:05:06.876842,RIGHT,44.9,2,RIGHT,0.3,RIGHT,59.9,RIGHT,95.2,200.2,False,uncertain_20260517_180506_875642_conf45_RIGHT.jpg
2026-05-17T18:05:07.093862,RIGHT,44.4,2,RIGHT,0.5,RIGHT,58.0,RIGHT,95.6,206.0,False,uncertain_20260517_180507_092635_conf44_RIGHT.jpg
2026-05-17T18:05:07.324452,RIGHT,45.9,2,RIGHT,0.3,RIGHT,63.6,RIGHT,94.1,210.6,False,uncertain_20260517_180507_320497_conf46_RIGHT.jpg
2026-05-17T18:05:07.526270,RIGHT,44.1,2,UNCERTAIN,0.0,RIGHT,58.4,RIGHT,94.6,193.5,False,uncertain_20260517_180507_525013_conf44_RIGHT.jpg
2026-05-17T18:05:07.730491,LEFT,25.7,2,UNCERTAIN,0.0,LEFT,5.6,LEFT,94.8,194.5,False,uncertain_20260517_180507_729021_conf26_LEFT.jpg
2026-05-17T18:05:07.947957,RIGHT,27.2,2,UNCERTAIN,0.0,LEFT,9.6,RIGHT,95.4,199.3,False,uncertain_20260517_180507_946742_conf27_RIGHT.jpg
2026-05-17T18:05:08.157542,LEFT,28.1,2,UNCERTAIN,0.0,LEFT,12.6,LEFT,94.9,198.7,False,uncertain_20260517_180508_155279_conf28_LEFT.jpg
2026-05-17T18:05:08.372722,LEFT,29.5,2,UNCERTAIN,0.0,LEFT,16.7,LEFT,94.8,204.6,False,uncertain_20260517_180508_371200_conf30_LEFT.jpg
2026-05-17T18:05:08.601036,RIGHT,29.0,2,UNCERTAIN,0.0,LEFT,15.7,RIGHT,94.2,209.3,False,uncertain_20260517_180508_599828_conf29_RIGHT.jpg
2026-05-17T18:05:08.838398,RIGHT,27.8,2,UNCERTAIN,0.0,LEFT,13.7,RIGHT,91.9,223.2,False,uncertain_20260517_180508_836770_conf28_RIGHT.jpg
2026-05-17T18:05:09.080161,RIGHT,27.7,2,UNCERTAIN,0.0,LEFT,12.5,RIGHT,93.4,224.7,False,uncertain_20260517_180509_075882_conf28_RIGHT.jpg
2026-05-17T18:05:09.308030,LEFT,27.3,2,UNCERTAIN,0.0,LEFT,11.6,LEFT,92.9,215.5,False,uncertain_20260517_180509_306902_conf27_LEFT.jpg
2026-05-17T18:05:09.541935,RIGHT,27.8,2,UNCERTAIN,0.0,LEFT,11.5,RIGHT,95.1,222.9,False,uncertain_20260517_180509_540579_conf28_RIGHT.jpg
2026-05-17T18:05:09.773088,RIGHT,27.5,2,UNCERTAIN,0.0,LEFT,11.1,RIGHT,94.5,220.1,False,uncertain_20260517_180509_771859_conf27_RIGHT.jpg
2026-05-17T18:05:10.004929,RIGHT,27.2,2,UNCERTAIN,0.0,LEFT,10.2,RIGHT,94.4,218.6,False,uncertain_20260517_180510_000964_conf27_RIGHT.jpg
2026-05-17T18:05:10.253001,RIGHT,28.8,2,UNCERTAIN,0.0,LEFT,15.0,RIGHT,94.2,228.9,False,uncertain_20260517_180510_250295_conf29_RIGHT.jpg
2026-05-17T18:05:10.476089,RIGHT,25.2,2,UNCERTAIN,0.0,LEFT,4.8,RIGHT,94.0,206.0,False,uncertain_20260517_180510_474618_conf25_RIGHT.jpg
2026-05-17T18:05:10.697764,RIGHT,28.3,2,UNCERTAIN,0.0,LEFT,15.1,RIGHT,92.2,211.0,False,uncertain_20260517_180510_696556_conf28_RIGHT.jpg
2026-05-17T18:05:10.933797,RIGHT,26.2,2,UNCERTAIN,0.0,LEFT,7.8,RIGHT,93.9,219.2,False,uncertain_20260517_180510_930429_conf26_RIGHT.jpg
2026-05-17T18:05:11.166485,LEFT,26.1,2,UNCERTAIN,0.0,LEFT,7.2,LEFT,94.5,215.0,False,uncertain_20260517_180511_165381_conf26_LEFT.jpg
2026-05-17T18:05:11.396134,RIGHT,25.8,2,UNCERTAIN,0.0,LEFT,7.4,RIGHT,92.9,219.3,False,uncertain_20260517_180511_394794_conf26_RIGHT.jpg
2026-05-17T18:05:11.632566,LEFT,25.5,2,UNCERTAIN,0.0,LEFT,6.6,LEFT,92.8,218.8,False,uncertain_20260517_180511_631393_conf25_LEFT.jpg
2026-05-17T18:05:11.869682,RIGHT,24.7,2,UNCERTAIN,0.0,LEFT,4.3,RIGHT,93.0,225.4,False,uncertain_20260517_180511_867325_conf25_RIGHT.jpg
2026-05-17T18:05:12.111484,RIGHT,24.9,2,UNCERTAIN,0.0,LEFT,4.7,RIGHT,93.1,224.3,False,uncertain_20260517_180512_110177_conf25_RIGHT.jpg
2026-05-17T18:05:12.356295,LEFT,27.1,2,UNCERTAIN,0.0,LEFT,10.5,LEFT,93.6,222.7,False,uncertain_20260517_180512_354897_conf27_LEFT.jpg
2026-05-17T18:05:12.580167,LEFT,28.7,2,UNCERTAIN,0.0,LEFT,14.9,LEFT,93.7,213.5,False,uncertain_20260517_180512_578967_conf29_LEFT.jpg
2026-05-17T18:05:12.814070,RIGHT,28.1,2,UNCERTAIN,0.0,LEFT,12.8,RIGHT,94.5,214.7,False,uncertain_20260517_180512_812751_conf28_RIGHT.jpg
2026-05-17T18:05:13.060621,RIGHT,24.0,2,UNCERTAIN,0.0,LEFT,0.7,RIGHT,94.9,232.1,False,uncertain_20260517_180513_059195_conf24_RIGHT.jpg
2026-05-17T18:05:13.303528,RIGHT,29.2,2,UNCERTAIN,0.0,LEFT,15.9,RIGHT,94.6,225.4,False,uncertain_20260517_180513_302490_conf29_RIGHT.jpg
2026-05-17T18:05:13.540676,RIGHT,40.0,2,UNCERTAIN,0.0,RIGHT,45.8,RIGHT,95.8,220.4,False,uncertain_20260517_180513_539482_conf40_RIGHT.jpg
2026-05-17T18:05:13.787763,RIGHT,43.0,2,UNCERTAIN,0.0,RIGHT,54.1,RIGHT,96.1,227.2,False,uncertain_20260517_180513_783602_conf43_RIGHT.jpg
2026-05-17T18:05:14.013790,LEFT,42.9,2,UNCERTAIN,0.0,RIGHT,54.6,LEFT,95.2,212.4,False,uncertain_20260517_180514_012555_conf43_LEFT.jpg
2026-05-17T18:05:14.233419,RIGHT,43.0,2,UNCERTAIN,0.0,RIGHT,54.2,RIGHT,96.2,209.3,False,uncertain_20260517_180514_232436_conf43_RIGHT.jpg
2026-05-17T18:05:14.475022,RIGHT,28.2,2,UNCERTAIN,0.0,RIGHT,12.9,RIGHT,94.6,227.8,False,uncertain_20260517_180514_473979_conf28_RIGHT.jpg
2026-05-17T18:05:14.718669,RIGHT,28.7,2,UNCERTAIN,0.0,RIGHT,13.5,RIGHT,95.7,229.7,False,uncertain_20260517_180514_714690_conf29_RIGHT.jpg
2026-05-17T18:05:14.953631,RIGHT,28.7,2,UNCERTAIN,0.0,RIGHT,15.1,RIGHT,93.8,227.1,False,uncertain_20260517_180514_952511_conf29_RIGHT.jpg
2026-05-17T18:05:15.209693,RIGHT,29.1,2,UNCERTAIN,0.0,RIGHT,14.9,RIGHT,95.7,236.7,False,uncertain_20260517_180515_208333_conf29_RIGHT.jpg
2026-05-17T18:05:15.437122,RIGHT,32.8,2,UNCERTAIN,0.0,RIGHT,25.4,RIGHT,95.6,202.1,False,uncertain_20260517_180515_436118_conf33_RIGHT.jpg
2026-05-17T18:05:15.646605,RIGHT,33.2,2,LEFT,0.7,RIGHT,25.5,RIGHT,95.9,196.2,False,uncertain_20260517_180515_643973_conf33_RIGHT.jpg
2026-05-17T18:05:15.855420,RIGHT,31.1,2,LEFT,0.6,RIGHT,20.0,RIGHT,95.4,200.7,False,uncertain_20260517_180515_854118_conf31_RIGHT.jpg
2026-05-17T18:05:16.070838,LEFT,31.1,2,LEFT,0.7,RIGHT,20.0,LEFT,95.3,192.4,False,uncertain_20260517_180516_069395_conf31_LEFT.jpg
2026-05-17T18:05:16.292123,LEFT,28.4,2,LEFT,0.6,RIGHT,14.2,LEFT,92.7,198.9,False,uncertain_20260517_180516_290921_conf28_LEFT.jpg
2026-05-17T18:05:16.510907,RIGHT,30.2,2,LEFT,0.6,RIGHT,17.6,RIGHT,95.1,206.3,False,uncertain_20260517_180516_506245_conf30_RIGHT.jpg
2026-05-17T18:05:16.724462,RIGHT,30.3,2,LEFT,0.6,RIGHT,17.8,RIGHT,95.2,203.9,False,uncertain_20260517_180516_723073_conf30_RIGHT.jpg
2026-05-17T18:05:16.939683,RIGHT,30.1,2,LEFT,0.7,RIGHT,17.0,RIGHT,95.3,196.0,False,uncertain_20260517_180516_938504_conf30_RIGHT.jpg
2026-05-17T18:05:17.161750,RIGHT,29.9,2,LEFT,0.6,RIGHT,16.7,RIGHT,95.3,207.7,False,uncertain_20260517_180517_156872_conf30_RIGHT.jpg
2026-05-17T18:05:17.375160,RIGHT,45.5,2,LEFT,0.6,RIGHT,61.2,RIGHT,95.2,198.5,False,uncertain_20260517_180517_374107_conf45_RIGHT.jpg
2026-05-17T18:05:17.600135,RIGHT,29.7,2,UNCERTAIN,0.0,RIGHT,17.3,RIGHT,94.5,201.4,False,uncertain_20260517_180517_598842_conf30_RIGHT.jpg
2026-05-17T18:05:17.824836,LEFT,33.3,2,UNCERTAIN,0.0,RIGHT,28.9,LEFT,92.5,205.2,False,uncertain_20260517_180517_823635_conf33_LEFT.jpg
2026-05-17T18:05:18.035263,RIGHT,40.4,2,UNCERTAIN,0.0,RIGHT,51.2,RIGHT,90.0,199.7,False,uncertain_20260517_180518_032716_conf40_RIGHT.jpg
2026-05-17T18:05:18.262655,LEFT,36.2,2,UNCERTAIN,0.0,RIGHT,34.7,LEFT,96.1,206.0,False,uncertain_20260517_180518_258851_conf36_LEFT.jpg
2026-05-17T18:05:18.488504,LEFT,33.5,2,UNCERTAIN,0.0,RIGHT,27.3,LEFT,95.6,213.6,False,uncertain_20260517_180518_487219_conf33_LEFT.jpg
2026-05-17T18:05:18.709076,RIGHT,43.9,2,UNCERTAIN,0.0,RIGHT,57.2,RIGHT,95.7,206.1,False,uncertain_20260517_180518_708016_conf44_RIGHT.jpg
2026-05-17T18:05:18.941594,RIGHT,46.0,2,UNCERTAIN,0.0,RIGHT,63.1,RIGHT,95.8,211.8,False,uncertain_20260517_180518_937415_conf46_RIGHT.jpg
2026-05-17T18:05:19.183888,LEFT,24.5,2,UNCERTAIN,0.0,LEFT,1.6,LEFT,95.7,233.3,False,uncertain_20260517_180519_182746_conf25_LEFT.jpg
2026-05-17T18:05:19.423141,RIGHT,28.5,2,UNCERTAIN,0.0,LEFT,13.1,RIGHT,95.7,217.3,False,uncertain_20260517_180519_421877_conf28_RIGHT.jpg
2026-05-17T18:05:19.680745,LEFT,26.1,2,UNCERTAIN,0.0,LEFT,6.1,LEFT,95.8,235.0,False,uncertain_20260517_180519_679498_conf26_LEFT.jpg
2026-05-17T18:05:19.928508,LEFT,24.5,2,UNCERTAIN,0.0,LEFT,1.2,LEFT,96.2,224.8,False,uncertain_20260517_180519_924379_conf24_LEFT.jpg
2026-05-17T18:05:20.169702,RIGHT,25.3,2,UNCERTAIN,0.0,LEFT,4.0,RIGHT,95.7,225.5,False,uncertain_20260517_180520_168612_conf25_RIGHT.jpg
2026-05-17T18:05:20.420457,RIGHT,24.9,2,UNCERTAIN,0.0,LEFT,3.0,RIGHT,95.5,239.2,False,uncertain_20260517_180520_419175_conf25_RIGHT.jpg
2026-05-17T18:05:20.659653,LEFT,25.3,2,UNCERTAIN,0.0,LEFT,3.3,LEFT,96.3,220.2,False,uncertain_20260517_180520_658252_conf25_LEFT.jpg
2026-05-17T18:05:20.913749,RIGHT,25.6,2,UNCERTAIN,0.0,LEFT,5.0,RIGHT,95.3,232.0,False,uncertain_20260517_180520_909463_conf26_RIGHT.jpg
2026-05-17T18:05:21.174154,RIGHT,25.1,2,UNCERTAIN,0.0,LEFT,4.0,RIGHT,94.8,246.3,False,uncertain_20260517_180521_172732_conf25_RIGHT.jpg
2026-05-17T18:05:21.430433,RIGHT,25.4,2,UNCERTAIN,0.0,LEFT,4.1,RIGHT,95.7,236.9,False,uncertain_20260517_180521_429200_conf25_RIGHT.jpg
2026-05-17T18:05:21.667895,RIGHT,24.8,2,UNCERTAIN,0.0,LEFT,2.5,RIGHT,95.6,221.9,False,uncertain_20260517_180521_666669_conf25_RIGHT.jpg
2026-05-17T18:05:21.906658,RIGHT,24.7,2,UNCERTAIN,0.0,LEFT,2.4,RIGHT,95.4,220.8,False,uncertain_20260517_180521_902234_conf25_RIGHT.jpg
2026-05-17T18:05:22.166092,RIGHT,24.8,2,UNCERTAIN,0.0,LEFT,2.5,RIGHT,95.7,238.3,False,uncertain_20260517_180522_164496_conf25_RIGHT.jpg
2026-05-17T18:05:22.422449,LEFT,24.9,2,UNCERTAIN,0.0,LEFT,3.5,LEFT,94.7,237.6,False,uncertain_20260517_180522_421324_conf25_LEFT.jpg
2026-05-17T18:05:22.667873,RIGHT,24.6,2,UNCERTAIN,0.0,LEFT,2.1,RIGHT,95.6,228.2,False,uncertain_20260517_180522_666561_conf25_RIGHT.jpg
2026-05-17T18:05:22.916655,RIGHT,24.5,2,UNCERTAIN,0.0,LEFT,2.8,RIGHT,94.2,227.5,False,uncertain_20260517_180522_915460_conf25_RIGHT.jpg
2026-05-17T18:05:23.158659,LEFT,25.1,2,UNCERTAIN,0.0,LEFT,3.8,LEFT,95.2,224.7,False,uncertain_20260517_180523_157578_conf25_LEFT.jpg
2026-05-17T18:05:23.403383,RIGHT,27.4,2,UNCERTAIN,0.0,LEFT,9.7,RIGHT,96.2,225.2,False,uncertain_20260517_180523_402372_conf27_RIGHT.jpg
2026-05-17T18:05:23.651329,RIGHT,28.3,2,UNCERTAIN,0.0,LEFT,12.4,RIGHT,95.8,237.3,False,uncertain_20260517_180523_649765_conf28_RIGHT.jpg
2026-05-17T18:05:23.902588,RIGHT,29.8,2,UNCERTAIN,0.0,RIGHT,18.1,RIGHT,93.8,240.8,False,uncertain_20260517_180523_900030_conf30_RIGHT.jpg
2026-05-17T18:05:24.165973,RIGHT,38.9,2,UNCERTAIN,0.0,RIGHT,42.8,RIGHT,95.5,239.9,False,uncertain_20260517_180524_164650_conf39_RIGHT.jpg
2026-05-17T18:05:24.431042,RIGHT,36.2,2,UNCERTAIN,0.0,RIGHT,35.3,RIGHT,95.5,245.8,False,uncertain_20260517_180524_426756_conf36_RIGHT.jpg
2026-05-17T18:05:24.700465,RIGHT,36.0,2,UNCERTAIN,0.0,RIGHT,35.7,RIGHT,93.8,245.4,False,uncertain_20260517_180524_699410_conf36_RIGHT.jpg
2026-05-17T18:05:24.961553,RIGHT,38.3,2,UNCERTAIN,0.0,RIGHT,41.2,RIGHT,95.5,252.3,False,uncertain_20260517_180524_959916_conf38_RIGHT.jpg
2026-05-17T18:05:25.218579,RIGHT,40.0,2,UNCERTAIN,0.0,RIGHT,46.6,RIGHT,94.7,236.1,False,uncertain_20260517_180525_217304_conf40_RIGHT.jpg
2026-05-17T18:05:25.465550,RIGHT,35.0,2,UNCERTAIN,0.0,RIGHT,32.8,RIGHT,94.0,223.7,False,uncertain_20260517_180525_461669_conf35_RIGHT.jpg
2026-05-17T18:05:25.698125,RIGHT,30.6,2,UNCERTAIN,0.0,RIGHT,19.1,RIGHT,95.8,219.8,False,uncertain_20260517_180525_696902_conf31_RIGHT.jpg
2026-05-17T18:05:25.930899,LEFT,37.2,2,UNCERTAIN,0.0,RIGHT,38.7,LEFT,94.7,216.0,False,uncertain_20260517_180525_929601_conf37_LEFT.jpg
2026-05-17T18:05:26.145766,RIGHT,35.5,2,UNCERTAIN,0.0,RIGHT,34.0,RIGHT,94.6,202.2,False,uncertain_20260517_180526_144456_conf36_RIGHT.jpg
2026-05-17T18:05:26.373396,RIGHT,40.8,2,RIGHT,0.5,RIGHT,47.7,RIGHT,95.4,205.0,False,uncertain_20260517_180526_368750_conf41_RIGHT.jpg
2026-05-17T18:05:26.595971,RIGHT,40.9,2,RIGHT,0.5,RIGHT,50.0,RIGHT,92.7,205.6,False,uncertain_20260517_180526_594902_conf41_RIGHT.jpg
2026-05-17T18:05:26.816512,RIGHT,40.7,2,RIGHT,0.4,RIGHT,48.1,RIGHT,94.7,202.4,False,uncertain_20260517_180526_815054_conf41_RIGHT.jpg
2026-05-17T18:05:27.050322,RIGHT,40.1,2,RIGHT,0.4,RIGHT,47.2,RIGHT,93.8,212.6,False,uncertain_20260517_180527_049187_conf40_RIGHT.jpg
2026-05-17T18:05:27.274131,RIGHT,38.6,2,RIGHT,0.3,RIGHT,43.1,RIGHT,93.6,206.0,False,uncertain_20260517_180527_269649_conf39_RIGHT.jpg
2026-05-17T18:05:27.502425,RIGHT,39.1,2,RIGHT,0.2,RIGHT,45.3,RIGHT,92.7,214.8,False,uncertain_20260517_180527_501087_conf39_RIGHT.jpg
2026-05-17T18:05:27.726236,RIGHT,40.7,2,RIGHT,0.3,RIGHT,49.5,RIGHT,93.2,210.2,False,uncertain_20260517_180527_724933_conf41_RIGHT.jpg
2026-05-17T18:05:27.951188,RIGHT,44.3,2,UNCERTAIN,0.0,RIGHT,59.5,RIGHT,94.0,213.9,False,uncertain_20260517_180527_949973_conf44_RIGHT.jpg
2026-05-17T18:05:28.188910,RIGHT,48.1,1,UNCERTAIN,0.0,RIGHT,69.8,LEFT,94.6,214.9,False,uncertain_20260517_180528_186485_conf48_RIGHT.jpg
2026-05-17T18:05:28.421896,RIGHT,24.0,2,UNCERTAIN,0.0,RIGHT,1.3,RIGHT,94.3,220.9,False,uncertain_20260517_180528_420766_conf24_RIGHT.jpg
2026-05-17T18:05:28.650743,RIGHT,41.5,2,UNCERTAIN,0.0,RIGHT,51.0,RIGHT,94.8,209.8,False,uncertain_20260517_180528_646275_conf42_RIGHT.jpg
2026-05-17T18:05:28.872088,LEFT,43.1,2,UNCERTAIN,0.0,RIGHT,57.1,LEFT,92.6,209.3,False,uncertain_20260517_180528_870799_conf43_LEFT.jpg
2026-05-17T18:05:29.080813,LEFT,25.8,2,UNCERTAIN,0.0,LEFT,5.5,LEFT,95.4,193.5,False,uncertain_20260517_180529_079631_conf26_LEFT.jpg
2026-05-17T18:05:29.309640,LEFT,29.6,2,UNCERTAIN,0.0,RIGHT,18.3,LEFT,92.8,206.8,False,uncertain_20260517_180529_308564_conf30_LEFT.jpg
2026-05-17T18:05:29.544034,RIGHT,27.2,2,UNCERTAIN,0.0,RIGHT,11.7,RIGHT,92.5,213.5,False,uncertain_20260517_180529_540119_conf27_RIGHT.jpg
2026-05-17T18:05:29.765252,RIGHT,25.1,2,UNCERTAIN,0.0,RIGHT,3.8,RIGHT,95.2,199.0,False,uncertain_20260517_180529_764075_conf25_RIGHT.jpg
2026-05-17T18:05:29.989608,RIGHT,30.3,2,UNCERTAIN,0.0,RIGHT,19.6,RIGHT,94.0,206.2,False,uncertain_20260517_180529_988370_conf30_RIGHT.jpg
2026-05-17T18:05:30.223647,RIGHT,28.5,2,UNCERTAIN,0.0,RIGHT,13.7,RIGHT,95.0,216.7,False,uncertain_20260517_180530_222432_conf29_RIGHT.jpg
2026-05-17T18:05:30.439953,LEFT,27.0,2,UNCERTAIN,0.0,RIGHT,9.3,LEFT,95.1,203.6,False,uncertain_20260517_180530_435821_conf27_LEFT.jpg
2026-05-17T18:05:30.653986,LEFT,25.5,2,UNCERTAIN,0.0,RIGHT,5.5,LEFT,94.1,198.1,False,uncertain_20260517_180530_652865_conf25_LEFT.jpg
2026-05-17T18:05:30.865478,LEFT,24.9,2,UNCERTAIN,0.0,RIGHT,3.5,LEFT,94.6,202.7,False,uncertain_20260517_180530_864150_conf25_LEFT.jpg
2026-05-17T18:05:31.093228,LEFT,26.0,2,UNCERTAIN,0.0,RIGHT,7.7,LEFT,93.3,215.7,False,uncertain_20260517_180531_092155_conf26_LEFT.jpg
2026-05-17T18:05:31.309681,LEFT,26.9,2,UNCERTAIN,0.0,RIGHT,10.2,LEFT,93.3,199.9,False,uncertain_20260517_180531_308531_conf27_LEFT.jpg
2026-05-17T18:05:31.535089,LEFT,30.6,2,UNCERTAIN,0.0,RIGHT,20.7,LEFT,93.6,216.0,False,uncertain_20260517_180531_533503_conf31_LEFT.jpg
2026-05-17T18:05:31.772864,RIGHT,34.5,2,UNCERTAIN,0.0,RIGHT,31.4,RIGHT,94.3,219.7,False,uncertain_20260517_180531_771512_conf35_RIGHT.jpg
2026-05-17T18:05:32.008018,LEFT,26.1,2,UNCERTAIN,0.0,RIGHT,7.6,LEFT,93.7,225.6,False,uncertain_20260517_180532_006815_conf26_LEFT.jpg
2026-05-17T18:05:32.241721,RIGHT,32.7,2,UNCERTAIN,0.0,RIGHT,26.7,RIGHT,93.3,221.5,False,uncertain_20260517_180532_237022_conf33_RIGHT.jpg
2026-05-17T18:05:32.472008,LEFT,32.5,2,UNCERTAIN,0.0,RIGHT,26.1,LEFT,93.6,207.4,False,uncertain_20260517_180532_470921_conf33_LEFT.jpg
2026-05-17T18:05:32.699614,RIGHT,38.3,2,UNCERTAIN,0.0,RIGHT,42.6,RIGHT,93.3,212.5,False,uncertain_20260517_180532_698050_conf38_RIGHT.jpg
2026-05-17T18:05:32.926422,LEFT,23.8,2,UNCERTAIN,0.0,LEFT,0.9,LEFT,93.8,216.3,False,uncertain_20260517_180532_925205_conf24_LEFT.jpg
2026-05-17T18:05:33.140411,RIGHT,23.9,2,UNCERTAIN,0.0,LEFT,1.4,RIGHT,93.6,204.4,False,uncertain_20260517_180533_139319_conf24_RIGHT.jpg
2026-05-17T18:05:33.360972,LEFT,24.0,2,UNCERTAIN,0.0,RIGHT,1.9,LEFT,93.3,201.5,False,uncertain_20260517_180533_358174_conf24_LEFT.jpg
2026-05-17T18:05:33.585553,LEFT,24.4,2,UNCERTAIN,0.0,RIGHT,3.3,LEFT,92.9,203.1,False,uncertain_20260517_180533_583490_conf24_LEFT.jpg
2026-05-17T18:05:33.822986,LEFT,24.6,2,UNCERTAIN,0.0,RIGHT,3.5,LEFT,93.6,217.1,False,uncertain_20260517_180533_821511_conf25_LEFT.jpg
2026-05-17T18:05:34.039612,LEFT,23.6,2,UNCERTAIN,0.0,RIGHT,1.5,LEFT,92.5,194.4,False,uncertain_20260517_180534_038296_conf24_LEFT.jpg
2026-05-17T18:05:34.267436,RIGHT,23.7,2,UNCERTAIN,0.0,RIGHT,0.5,RIGHT,94.2,210.2,False,uncertain_20260517_180534_263332_conf24_RIGHT.jpg
2026-05-17T18:05:34.498452,LEFT,24.1,2,UNCERTAIN,0.0,LEFT,2.3,LEFT,93.4,215.5,False,uncertain_20260517_180534_496949_conf24_LEFT.jpg
2026-05-17T18:05:34.733859,LEFT,23.7,2,UNCERTAIN,0.0,LEFT,2.4,LEFT,91.5,216.4,False,uncertain_20260517_180534_732688_conf24_LEFT.jpg
2026-05-17T18:05:34.970858,RIGHT,23.7,2,UNCERTAIN,0.0,LEFT,1.4,RIGHT,92.7,215.1,False,uncertain_20260517_180534_969420_conf24_RIGHT.jpg
2026-05-17T18:05:35.184048,RIGHT,23.3,2,UNCERTAIN,0.0,RIGHT,0.4,RIGHT,92.6,196.2,False,uncertain_20260517_180535_179578_conf23_RIGHT.jpg
2026-05-17T18:05:35.407085,LEFT,23.7,2,UNCERTAIN,0.0,RIGHT,1.0,LEFT,93.2,199.4,False,uncertain_20260517_180535_405877_conf24_LEFT.jpg
2026-05-17T18:05:35.629434,RIGHT,24.8,2,UNCERTAIN,0.0,RIGHT,3.0,RIGHT,94.9,197.8,False,uncertain_20260517_180535_627840_conf25_RIGHT.jpg
2026-05-17T18:05:35.844296,RIGHT,23.9,2,UNCERTAIN,0.0,RIGHT,0.7,RIGHT,94.8,204.0,False,uncertain_20260517_180535_842553_conf24_RIGHT.jpg
2026-05-17T18:05:36.066064,LEFT,24.4,2,UNCERTAIN,0.0,RIGHT,2.3,LEFT,94.5,202.5,False,uncertain_20260517_180536_065105_conf24_LEFT.jpg
2026-05-17T18:05:36.278574,LEFT,24.5,2,UNCERTAIN,0.0,RIGHT,2.2,LEFT,95.1,198.2,False,uncertain_20260517_180536_277440_conf25_LEFT.jpg
2026-05-17T18:05:36.510904,RIGHT,24.7,2,UNCERTAIN,0.0,RIGHT,2.5,RIGHT,95.1,218.2,False,uncertain_20260517_180536_509791_conf25_RIGHT.jpg
2026-05-17T18:05:36.741000,LEFT,24.1,2,UNCERTAIN,0.0,LEFT,1.0,LEFT,95.1,212.3,False,uncertain_20260517_180536_739720_conf24_LEFT.jpg
2026-05-17T18:05:36.977746,LEFT,24.1,2,UNCERTAIN,0.0,RIGHT,0.9,LEFT,95.1,216.2,False,uncertain_20260517_180536_976555_conf24_LEFT.jpg
2026-05-17T18:05:37.210910,LEFT,23.9,2,UNCERTAIN,0.0,RIGHT,0.6,LEFT,94.6,211.3,False,uncertain_20260517_180537_209731_conf24_LEFT.jpg
2026-05-17T18:05:37.448606,LEFT,23.9,2,UNCERTAIN,0.0,LEFT,0.3,LEFT,95.0,226.5,False,uncertain_20260517_180537_447414_conf24_LEFT.jpg
2026-05-17T18:05:37.670101,RIGHT,24.2,2,UNCERTAIN,0.0,RIGHT,1.8,RIGHT,94.3,213.5,False,uncertain_20260517_180537_668948_conf24_RIGHT.jpg
2026-05-17T18:05:37.892933,RIGHT,24.0,2,UNCERTAIN,0.0,RIGHT,1.1,RIGHT,94.6,207.3,False,uncertain_20260517_180537_891818_conf24_RIGHT.jpg
2026-05-17T18:05:38.113478,LEFT,24.0,2,UNCERTAIN,0.0,LEFT,0.9,LEFT,94.7,202.9,False,uncertain_20260517_180538_111905_conf24_LEFT.jpg
2026-05-17T18:05:38.361189,LEFT,24.0,2,UNCERTAIN,0.0,RIGHT,0.7,LEFT,95.0,222.4,False,uncertain_20260517_180538_356445_conf24_LEFT.jpg
2026-05-17T18:05:38.590224,LEFT,28.0,2,UNCERTAIN,0.0,RIGHT,12.3,LEFT,94.9,210.2,False,uncertain_20260517_180538_588964_conf28_LEFT.jpg
2026-05-17T18:05:38.814868,RIGHT,27.4,2,UNCERTAIN,0.0,RIGHT,10.8,RIGHT,94.5,213.5,False,uncertain_20260517_180538_812200_conf27_RIGHT.jpg
2026-05-17T18:05:39.049090,LEFT,27.9,2,UNCERTAIN,0.0,RIGHT,12.1,LEFT,94.7,212.5,False,uncertain_20260517_180539_047797_conf28_LEFT.jpg
2026-05-17T18:05:39.285613,RIGHT,27.2,2,UNCERTAIN,0.0,RIGHT,9.9,RIGHT,94.7,218.8,False,uncertain_20260517_180539_284346_conf27_RIGHT.jpg
2026-05-17T18:05:39.518457,RIGHT,28.2,2,UNCERTAIN,0.0,RIGHT,12.7,RIGHT,95.0,215.7,False,uncertain_20260517_180539_516918_conf28_RIGHT.jpg
2026-05-17T18:05:39.753282,LEFT,27.3,2,UNCERTAIN,0.0,RIGHT,10.9,LEFT,93.8,213.0,False,uncertain_20260517_180539_751882_conf27_LEFT.jpg
2026-05-17T18:05:39.999268,RIGHT,26.0,2,UNCERTAIN,0.0,RIGHT,6.5,RIGHT,95.0,235.2,False,uncertain_20260517_180539_997800_conf26_RIGHT.jpg
2026-05-17T18:05:40.230945,LEFT,27.4,2,UNCERTAIN,0.0,RIGHT,10.6,LEFT,94.7,217.5,False,uncertain_20260517_180540_229434_conf27_LEFT.jpg
2026-05-17T18:05:40.467093,RIGHT,27.3,2,UNCERTAIN,0.0,RIGHT,10.1,RIGHT,95.0,217.8,False,uncertain_20260517_180540_465609_conf27_RIGHT.jpg
2026-05-17T18:05:40.712302,LEFT,27.1,2,UNCERTAIN,0.0,RIGHT,9.8,LEFT,94.7,224.5,False,uncertain_20260517_180540_710925_conf27_LEFT.jpg
2026-05-17T18:05:40.951279,RIGHT,26.4,2,UNCERTAIN,0.0,RIGHT,7.8,RIGHT,94.8,224.6,False,uncertain_20260517_180540_950231_conf26_RIGHT.jpg
2026-05-17T18:05:41.180414,LEFT,27.6,2,UNCERTAIN,0.0,RIGHT,11.0,LEFT,95.1,217.0,False,uncertain_20260517_180541_175976_conf28_LEFT.jpg
2026-05-17T18:05:41.420644,LEFT,25.8,2,UNCERTAIN,0.0,RIGHT,5.9,LEFT,94.8,225.7,False,uncertain_20260517_180541_419274_conf26_LEFT.jpg
2026-05-17T18:05:41.662382,RIGHT,25.8,2,UNCERTAIN,0.0,RIGHT,6.0,RIGHT,94.7,231.6,False,uncertain_20260517_180541_661143_conf26_RIGHT.jpg
2026-05-17T18:05:41.885697,RIGHT,24.4,2,UNCERTAIN,0.0,RIGHT,2.5,RIGHT,94.3,214.4,False,uncertain_20260517_180541_884368_conf24_RIGHT.jpg
2026-05-17T18:05:42.129475,LEFT,24.1,2,UNCERTAIN,0.0,RIGHT,1.4,LEFT,94.6,232.7,False,uncertain_20260517_180542_128055_conf24_LEFT.jpg
2026-05-17T18:05:42.366511,RIGHT,25.3,2,UNCERTAIN,0.0,RIGHT,4.6,RIGHT,94.6,217.3,False,uncertain_20260517_180542_365182_conf25_RIGHT.jpg
2026-05-17T18:05:42.582557,LEFT,24.8,2,UNCERTAIN,0.0,RIGHT,4.4,LEFT,93.0,203.3,False,uncertain_20260517_180542_581366_conf25_LEFT.jpg
2026-05-17T18:05:42.799781,RIGHT,27.2,2,UNCERTAIN,0.0,RIGHT,9.9,RIGHT,94.8,206.5,False,uncertain_20260517_180542_798751_conf27_RIGHT.jpg
2026-05-17T18:05:43.031389,RIGHT,27.2,2,UNCERTAIN,0.0,RIGHT,10.1,RIGHT,94.5,222.5,False,uncertain_20260517_180543_030263_conf27_RIGHT.jpg
2026-05-17T18:05:43.256037,RIGHT,25.2,2,UNCERTAIN,0.0,LEFT,4.7,RIGHT,94.2,214.4,False,uncertain_20260517_180543_254868_conf25_RIGHT.jpg
2026-05-17T18:05:43.477376,RIGHT,31.3,2,UNCERTAIN,0.0,RIGHT,22.3,RIGHT,93.8,206.5,False,uncertain_20260517_180543_472748_conf31_RIGHT.jpg
2026-05-17T18:05:43.704279,LEFT,32.2,2,UNCERTAIN,0.0,RIGHT,24.6,LEFT,94.2,208.9,False,uncertain_20260517_180543_703157_conf32_LEFT.jpg
2026-05-17T18:05:43.935966,LEFT,25.9,2,UNCERTAIN,0.0,RIGHT,7.2,LEFT,93.7,210.4,False,uncertain_20260517_180543_934843_conf26_LEFT.jpg
2026-05-17T18:05:44.162109,RIGHT,25.6,2,UNCERTAIN,0.0,RIGHT,6.2,RIGHT,93.8,203.6,False,uncertain_20260517_180544_160995_conf26_RIGHT.jpg
2026-05-17T18:05:44.381857,LEFT,32.6,2,UNCERTAIN,0.0,RIGHT,25.4,LEFT,95.0,199.6,False,uncertain_20260517_180544_380858_conf33_LEFT.jpg
2026-05-17T18:05:44.595739,RIGHT,29.0,2,UNCERTAIN,0.0,RIGHT,14.7,RIGHT,95.5,202.1,False,uncertain_20260517_180544_594563_conf29_RIGHT.jpg
2026-05-17T18:05:44.833211,RIGHT,31.4,2,UNCERTAIN,0.0,RIGHT,22.4,RIGHT,94.2,215.7,False,uncertain_20260517_180544_829032_conf31_RIGHT.jpg
2026-05-17T18:05:45.073333,RIGHT,29.7,2,UNCERTAIN,0.0,RIGHT,16.5,RIGHT,95.7,217.8,False,uncertain_20260517_180545_072008_conf30_RIGHT.jpg
2026-05-17T18:05:45.300131,RIGHT,30.9,2,UNCERTAIN,0.0,RIGHT,19.9,RIGHT,95.8,216.3,False,uncertain_20260517_180545_298878_conf31_RIGHT.jpg
2026-05-17T18:05:45.529368,LEFT,25.2,2,UNCERTAIN,0.0,LEFT,5.2,LEFT,93.7,211.3,False,uncertain_20260517_180545_528296_conf25_LEFT.jpg
2026-05-17T18:05:45.762047,RIGHT,27.7,2,UNCERTAIN,0.0,RIGHT,11.4,RIGHT,94.9,219.3,False,uncertain_20260517_180545_760528_conf28_RIGHT.jpg
2026-05-17T18:05:45.991342,LEFT,24.0,2,UNCERTAIN,0.0,RIGHT,1.0,LEFT,94.4,210.2,False,uncertain_20260517_180545_990204_conf24_LEFT.jpg
2026-05-17T18:05:46.219430,RIGHT,25.2,2,UNCERTAIN,0.0,LEFT,3.5,RIGHT,95.9,214.1,False,uncertain_20260517_180546_218347_conf25_RIGHT.jpg
2026-05-17T18:05:46.444778,RIGHT,25.4,2,UNCERTAIN,0.0,LEFT,4.2,RIGHT,95.7,215.8,False,uncertain_20260517_180546_443623_conf25_RIGHT.jpg
2026-05-17T18:05:46.689641,RIGHT,24.4,2,UNCERTAIN,0.0,RIGHT,1.3,RIGHT,95.6,219.0,False,uncertain_20260517_180546_685509_conf24_RIGHT.jpg
2026-05-17T18:05:46.910624,RIGHT,25.9,2,UNCERTAIN,0.0,LEFT,5.4,RIGHT,96.1,211.7,False,uncertain_20260517_180546_909390_conf26_RIGHT.jpg
2026-05-17T18:05:47.138767,LEFT,24.4,2,UNCERTAIN,0.0,LEFT,1.5,LEFT,95.3,209.6,False,uncertain_20260517_180547_137309_conf24_LEFT.jpg
2026-05-17T18:05:47.366407,RIGHT,24.1,2,UNCERTAIN,0.0,LEFT,0.2,RIGHT,96.0,207.6,False,uncertain_20260517_180547_365020_conf24_RIGHT.jpg
2026-05-17T18:05:47.601091,RIGHT,25.4,2,UNCERTAIN,0.0,RIGHT,4.4,RIGHT,95.6,212.1,False,uncertain_20260517_180547_596958_conf25_RIGHT.jpg
2026-05-17T18:05:47.835921,RIGHT,26.0,2,UNCERTAIN,0.0,RIGHT,5.8,RIGHT,95.9,213.6,False,uncertain_20260517_180547_834394_conf26_RIGHT.jpg
2026-05-17T18:05:48.060753,RIGHT,26.0,2,UNCERTAIN,0.0,RIGHT,5.7,RIGHT,95.9,210.1,False,uncertain_20260517_180548_059702_conf26_RIGHT.jpg
2026-05-17T18:05:48.280246,LEFT,25.5,2,UNCERTAIN,0.0,RIGHT,4.4,LEFT,96.0,209.5,False,uncertain_20260517_180548_279146_conf26_LEFT.jpg
2026-05-17T18:05:48.511258,RIGHT,26.3,2,UNCERTAIN,0.0,RIGHT,6.7,RIGHT,95.9,216.2,False,uncertain_20260517_180548_509745_conf26_RIGHT.jpg
2026-05-17T18:05:48.730324,RIGHT,26.6,2,UNCERTAIN,0.0,RIGHT,7.6,RIGHT,95.9,208.9,False,uncertain_20260517_180548_728979_conf27_RIGHT.jpg
2026-05-17T18:05:48.955676,RIGHT,27.7,2,UNCERTAIN,0.0,RIGHT,10.5,RIGHT,95.9,209.7,False,uncertain_20260517_180548_951155_conf28_RIGHT.jpg
2026-05-17T18:05:49.180009,RIGHT,26.5,2,UNCERTAIN,0.0,RIGHT,7.2,RIGHT,95.9,213.5,False,uncertain_20260517_180549_178975_conf27_RIGHT.jpg
2026-05-17T18:05:49.405882,LEFT,24.8,2,UNCERTAIN,0.0,RIGHT,2.7,LEFT,95.6,211.9,False,uncertain_20260517_180549_404650_conf25_LEFT.jpg
2026-05-17T18:05:49.633183,RIGHT,25.3,2,UNCERTAIN,0.0,RIGHT,4.0,RIGHT,95.8,218.8,False,uncertain_20260517_180549_631930_conf25_RIGHT.jpg
2026-05-17T18:05:49.880097,RIGHT,27.1,2,UNCERTAIN,0.0,RIGHT,8.9,RIGHT,95.8,220.7,False,uncertain_20260517_180549_875641_conf27_RIGHT.jpg
2026-05-17T18:05:50.102905,RIGHT,27.3,2,UNCERTAIN,0.0,RIGHT,9.6,RIGHT,95.7,214.2,False,uncertain_20260517_180550_101614_conf27_RIGHT.jpg
2026-05-17T18:05:50.340108,RIGHT,25.8,2,UNCERTAIN,0.0,RIGHT,6.0,RIGHT,95.0,221.7,False,uncertain_20260517_180550_338629_conf26_RIGHT.jpg
2026-05-17T18:05:50.572773,RIGHT,25.8,2,UNCERTAIN,0.0,RIGHT,6.6,RIGHT,94.0,213.3,False,uncertain_20260517_180550_571547_conf26_RIGHT.jpg
2026-05-17T18:05:50.804548,RIGHT,27.6,2,UNCERTAIN,0.0,RIGHT,10.7,RIGHT,95.6,216.8,False,uncertain_20260517_180550_801854_conf28_RIGHT.jpg
2026-05-17T18:05:51.034501,RIGHT,26.3,2,UNCERTAIN,0.0,RIGHT,6.6,RIGHT,95.8,212.5,False,uncertain_20260517_180551_033475_conf26_RIGHT.jpg
2026-05-17T18:05:51.267384,RIGHT,26.5,2,UNCERTAIN,0.0,RIGHT,7.3,RIGHT,95.9,222.6,False,uncertain_20260517_180551_266360_conf27_RIGHT.jpg
2026-05-17T18:05:51.505260,RIGHT,25.4,2,UNCERTAIN,0.0,RIGHT,5.6,RIGHT,93.9,211.0,False,uncertain_20260517_180551_503626_conf25_RIGHT.jpg
2026-05-17T18:05:51.742080,RIGHT,25.3,2,UNCERTAIN,0.0,RIGHT,5.1,RIGHT,94.0,214.9,False,uncertain_20260517_180551_740628_conf25_RIGHT.jpg
2026-05-17T18:05:51.970906,RIGHT,25.8,2,UNCERTAIN,0.0,RIGHT,5.2,RIGHT,95.9,219.0,False,uncertain_20260517_180551_969757_conf26_RIGHT.jpg
2026-05-17T18:05:52.196631,RIGHT,26.2,2,UNCERTAIN,0.0,RIGHT,6.4,RIGHT,95.9,213.7,False,uncertain_20260517_180552_195039_conf26_RIGHT.jpg
2026-05-17T18:05:52.423290,LEFT,25.7,2,UNCERTAIN,0.0,RIGHT,5.4,LEFT,95.3,207.1,False,uncertain_20260517_180552_422173_conf26_LEFT.jpg
2026-05-17T18:05:52.650335,RIGHT,28.6,2,UNCERTAIN,0.0,RIGHT,14.4,RIGHT,94.2,207.7,False,uncertain_20260517_180552_646442_conf29_RIGHT.jpg
2026-05-17T18:05:52.874714,RIGHT,24.4,2,UNCERTAIN,0.0,LEFT,1.0,RIGHT,96.0,211.9,False,uncertain_20260517_180552_870628_conf24_RIGHT.jpg
2026-05-17T18:05:53.102152,LEFT,24.7,2,UNCERTAIN,0.0,RIGHT,2.0,LEFT,95.9,215.0,False,uncertain_20260517_180553_100953_conf25_LEFT.jpg
2026-05-17T18:05:53.322212,LEFT,26.1,2,UNCERTAIN,0.0,RIGHT,6.1,LEFT,95.9,209.3,False,uncertain_20260517_180553_321109_conf26_LEFT.jpg
2026-05-17T18:05:53.553810,RIGHT,25.4,2,UNCERTAIN,0.0,LEFT,4.3,RIGHT,95.8,213.2,False,uncertain_20260517_180553_552164_conf25_RIGHT.jpg
2026-05-17T18:05:53.776276,RIGHT,26.0,2,UNCERTAIN,0.0,RIGHT,5.9,RIGHT,95.7,212.0,False,uncertain_20260517_180553_775017_conf26_RIGHT.jpg
2026-05-17T18:05:54.012802,RIGHT,26.2,2,UNCERTAIN,0.0,RIGHT,6.5,RIGHT,95.9,214.0,False,uncertain_20260517_180554_011451_conf26_RIGHT.jpg
2026-05-17T18:05:54.239395,RIGHT,24.8,2,UNCERTAIN,0.0,RIGHT,2.4,RIGHT,95.9,213.7,False,uncertain_20260517_180554_238124_conf25_RIGHT.jpg
2026-05-17T18:05:54.465284,RIGHT,23.6,2,UNCERTAIN,0.0,RIGHT,0.1,RIGHT,94.5,216.1,False,uncertain_20260517_180554_463910_conf24_RIGHT.jpg
2026-05-17T18:05:54.697906,RIGHT,24.7,2,UNCERTAIN,0.0,LEFT,2.1,RIGHT,95.9,210.9,False,uncertain_20260517_180554_696742_conf25_RIGHT.jpg
2026-05-17T18:05:54.926215,RIGHT,25.3,2,UNCERTAIN,0.0,RIGHT,4.9,RIGHT,94.4,216.8,False,uncertain_20260517_180554_924995_conf25_RIGHT.jpg
2026-05-17T18:05:55.154865,RIGHT,26.1,2,UNCERTAIN,0.0,RIGHT,6.1,RIGHT,95.8,205.6,False,uncertain_20260517_180555_153599_conf26_RIGHT.jpg
2026-05-17T18:05:55.395032,RIGHT,24.3,2,UNCERTAIN,0.0,RIGHT,1.0,RIGHT,95.8,215.3,False,uncertain_20260517_180555_393978_conf24_RIGHT.jpg
2026-05-17T18:05:55.620501,RIGHT,25.4,2,UNCERTAIN,0.0,RIGHT,3.9,RIGHT,96.0,208.7,False,uncertain_20260517_180555_618175_conf25_RIGHT.jpg
2026-05-17T18:05:55.854303,RIGHT,24.1,2,UNCERTAIN,0.0,LEFT,0.3,RIGHT,96.0,221.1,False,uncertain_20260517_180555_853020_conf24_RIGHT.jpg
2026-05-17T18:05:56.070174,RIGHT,24.7,2,UNCERTAIN,0.0,RIGHT,2.2,RIGHT,95.9,204.0,False,uncertain_20260517_180556_065979_conf25_RIGHT.jpg
2026-05-17T18:05:56.299687,LEFT,24.9,2,UNCERTAIN,0.0,RIGHT,3.9,LEFT,94.2,206.4,False,uncertain_20260517_180556_298514_conf25_LEFT.jpg
2026-05-17T18:05:56.536730,LEFT,25.0,2,UNCERTAIN,0.0,RIGHT,3.0,LEFT,95.9,216.2,False,uncertain_20260517_180556_535657_conf25_LEFT.jpg
2026-05-17T18:05:56.781522,RIGHT,26.2,2,UNCERTAIN,0.0,LEFT,6.1,RIGHT,96.0,215.0,False,uncertain_20260517_180556_779698_conf26_RIGHT.jpg
2026-05-17T18:05:57.006504,LEFT,24.5,2,UNCERTAIN,0.0,LEFT,1.5,LEFT,95.8,210.5,False,uncertain_20260517_180557_001917_conf24_LEFT.jpg
2026-05-17T18:05:57.218661,RIGHT,24.0,2,UNCERTAIN,0.0,RIGHT,0.1,RIGHT,95.9,203.5,False,uncertain_20260517_180557_217111_conf24_RIGHT.jpg
2026-05-17T18:05:57.437425,LEFT,24.4,2,UNCERTAIN,0.0,LEFT,1.5,LEFT,95.5,209.5,False,uncertain_20260517_180557_436088_conf24_LEFT.jpg
2026-05-17T18:05:57.668075,RIGHT,24.6,2,UNCERTAIN,0.0,RIGHT,2.0,RIGHT,95.6,215.7,False,uncertain_20260517_180557_666852_conf25_RIGHT.jpg
2026-05-17T18:05:57.901730,LEFT,24.7,2,UNCERTAIN,0.0,RIGHT,2.4,LEFT,95.4,213.5,False,uncertain_20260517_180557_900448_conf25_LEFT.jpg
2026-05-17T18:05:58.115318,RIGHT,24.8,2,UNCERTAIN,0.0,RIGHT,2.5,RIGHT,95.7,204.0,False,uncertain_20260517_180558_113894_conf25_RIGHT.jpg
2026-05-17T18:05:58.391184,RIGHT,23.9,2,UNCERTAIN,0.0,RIGHT,0.3,RIGHT,95.2,206.0,False,uncertain_20260517_180558_390175_conf24_RIGHT.jpg
2026-05-17T18:05:58.619548,RIGHT,23.9,2,UNCERTAIN,0.0,RIGHT,0.0,RIGHT,95.6,210.3,False,uncertain_20260517_180558_618144_conf24_RIGHT.jpg
2026-05-17T18:05:58.841395,RIGHT,24.2,2,UNCERTAIN,0.0,LEFT,0.8,RIGHT,95.6,212.2,False,uncertain_20260517_180558_840078_conf24_RIGHT.jpg
2026-05-17T18:05:59.055130,LEFT,25.1,2,UNCERTAIN,0.0,LEFT,3.3,LEFT,95.7,205.5,False,uncertain_20260517_180559_053818_conf25_LEFT.jpg
2026-05-17T18:05:59.290387,RIGHT,24.6,2,UNCERTAIN,0.0,LEFT,2.1,RIGHT,95.7,213.8,False,uncertain_20260517_180559_289198_conf25_RIGHT.jpg
2026-05-17T18:05:59.531042,RIGHT,24.5,2,UNCERTAIN,0.0,LEFT,1.8,RIGHT,95.5,207.8,False,uncertain_20260517_180559_526505_conf25_RIGHT.jpg
2026-05-17T18:05:59.762016,RIGHT,24.2,2,UNCERTAIN,0.0,LEFT,0.8,RIGHT,95.7,211.0,False,uncertain_20260517_180559_760830_conf24_RIGHT.jpg
2026-05-17T18:05:59.983414,RIGHT,30.3,2,UNCERTAIN,0.0,RIGHT,18.3,RIGHT,95.4,203.8,False,uncertain_20260517_180559_981809_conf30_RIGHT.jpg
2026-05-17T18:06:00.237398,RIGHT,24.8,2,UNCERTAIN,0.0,RIGHT,3.4,RIGHT,94.6,231.4,False,uncertain_20260517_180600_236196_conf25_RIGHT.jpg
2026-05-17T18:06:00.472927,LEFT,23.9,2,UNCERTAIN,0.0,RIGHT,1.0,LEFT,94.2,223.2,False,uncertain_20260517_180600_471778_conf24_LEFT.jpg
2026-05-17T18:06:00.730357,RIGHT,24.2,2,UNCERTAIN,0.0,RIGHT,1.7,RIGHT,94.6,247.1,False,uncertain_20260517_180600_728677_conf24_RIGHT.jpg
2026-05-17T18:06:00.977674,LEFT,24.7,2,UNCERTAIN,0.0,RIGHT,2.8,LEFT,94.7,234.5,False,uncertain_20260517_180600_972968_conf25_LEFT.jpg
2026-05-17T18:06:01.195866,RIGHT,26.0,2,UNCERTAIN,0.0,RIGHT,6.5,RIGHT,94.9,204.1,False,uncertain_20260517_180601_194595_conf26_RIGHT.jpg
2026-05-17T18:08:31.162628,LEFT,27.6,2,UNCERTAIN,0.0,RIGHT,10.5,LEFT,95.6,285.6,False,uncertain_20260517_180831_161253_conf28_LEFT.jpg
2026-05-17T18:08:31.406852,RIGHT,35.9,2,UNCERTAIN,0.0,RIGHT,34.8,RIGHT,94.9,199.5,False,uncertain_20260517_180831_405654_conf36_RIGHT.jpg
2026-05-17T18:08:31.635697,RIGHT,36.6,2,UNCERTAIN,0.0,RIGHT,37.6,RIGHT,93.8,209.0,False,uncertain_20260517_180831_634495_conf37_RIGHT.jpg
2026-05-17T18:08:31.857168,RIGHT,33.7,2,UNCERTAIN,0.0,RIGHT,28.2,RIGHT,95.4,205.4,False,uncertain_20260517_180831_855814_conf34_RIGHT.jpg
2026-05-17T18:08:32.071946,RIGHT,32.9,2,UNCERTAIN,0.0,RIGHT,27.1,RIGHT,93.7,194.5,False,uncertain_20260517_180832_070904_conf33_RIGHT.jpg
2026-05-17T18:08:32.275704,RIGHT,25.0,2,UNCERTAIN,0.0,RIGHT,4.0,RIGHT,94.4,192.3,False,uncertain_20260517_180832_274550_conf25_RIGHT.jpg
2026-05-17T18:08:32.496299,RIGHT,27.4,2,UNCERTAIN,0.0,RIGHT,10.9,RIGHT,94.6,206.1,False,uncertain_20260517_180832_495222_conf27_RIGHT.jpg
2026-05-17T18:08:32.709442,RIGHT,31.5,2,UNCERTAIN,0.0,RIGHT,22.6,RIGHT,94.5,204.9,False,uncertain_20260517_180832_708351_conf32_RIGHT.jpg
2026-05-17T18:08:32.915112,RIGHT,34.5,2,UNCERTAIN,0.0,RIGHT,30.9,RIGHT,94.7,191.9,False,uncertain_20260517_180832_913893_conf34_RIGHT.jpg
2026-05-17T18:08:33.125650,LEFT,35.9,2,UNCERTAIN,0.0,RIGHT,36.0,LEFT,93.3,190.2,False,uncertain_20260517_180833_121451_conf36_LEFT.jpg
2026-05-17T18:08:33.334184,LEFT,35.6,2,UNCERTAIN,0.0,RIGHT,34.4,LEFT,94.2,193.9,False,uncertain_20260517_180833_332911_conf36_LEFT.jpg
2026-05-17T18:08:33.541775,RIGHT,38.1,2,UNCERTAIN,0.0,RIGHT,41.4,RIGHT,94.6,195.3,False,uncertain_20260517_180833_540565_conf38_RIGHT.jpg
2026-05-17T18:08:33.746968,LEFT,39.2,2,UNCERTAIN,0.0,RIGHT,44.6,LEFT,94.4,190.2,False,uncertain_20260517_180833_745730_conf39_LEFT.jpg
2026-05-17T18:08:33.963450,RIGHT,38.9,2,UNCERTAIN,0.0,RIGHT,43.5,RIGHT,94.7,197.6,False,uncertain_20260517_180833_962214_conf39_RIGHT.jpg
2026-05-17T18:08:34.177539,LEFT,38.7,2,UNCERTAIN,0.0,RIGHT,42.6,LEFT,95.0,204.0,False,uncertain_20260517_180834_176500_conf39_LEFT.jpg
2026-05-17T18:08:34.416169,RIGHT,36.0,2,UNCERTAIN,0.0,RIGHT,35.1,RIGHT,94.7,218.3,False,uncertain_20260517_180834_411878_conf36_RIGHT.jpg
2026-05-17T18:08:34.636747,LEFT,45.2,2,UNCERTAIN,0.0,RIGHT,60.8,LEFT,95.7,200.8,False,uncertain_20260517_180834_635575_conf45_LEFT.jpg
2026-05-17T18:08:34.855983,LEFT,44.0,2,UNCERTAIN,0.0,RIGHT,57.7,LEFT,95.2,207.2,False,uncertain_20260517_180834_854814_conf44_LEFT.jpg
2026-05-17T18:08:35.072620,LEFT,32.6,2,UNCERTAIN,0.0,RIGHT,25.1,LEFT,95.2,200.5,False,uncertain_20260517_180835_071368_conf33_LEFT.jpg
2026-05-17T18:08:35.292346,RIGHT,42.3,2,UNCERTAIN,0.0,RIGHT,52.8,RIGHT,95.2,199.0,False,uncertain_20260517_180835_291196_conf42_RIGHT.jpg
2026-05-17T18:08:35.509533,RIGHT,42.5,2,UNCERTAIN,0.0,RIGHT,53.3,RIGHT,95.4,206.9,False,uncertain_20260517_180835_508395_conf43_RIGHT.jpg
2026-05-17T18:08:35.731806,LEFT,45.0,2,UNCERTAIN,0.0,RIGHT,60.0,LEFT,96.0,209.3,False,uncertain_20260517_180835_730693_conf45_LEFT.jpg
2026-05-17T18:08:35.957794,LEFT,43.6,2,UNCERTAIN,0.0,RIGHT,57.0,LEFT,94.8,209.0,False,uncertain_20260517_180835_956644_conf44_LEFT.jpg
2026-05-17T18:08:36.174145,RIGHT,43.6,2,UNCERTAIN,0.0,RIGHT,57.4,RIGHT,94.0,203.3,False,uncertain_20260517_180836_173009_conf44_RIGHT.jpg
2026-05-17T18:08:36.401000,LEFT,43.2,2,UNCERTAIN,0.0,RIGHT,56.2,LEFT,94.2,209.2,False,uncertain_20260517_180836_399428_conf43_LEFT.jpg
2026-05-17T18:08:36.624477,RIGHT,26.9,2,UNCERTAIN,0.0,RIGHT,9.1,RIGHT,94.7,203.1,False,uncertain_20260517_180836_622882_conf27_RIGHT.jpg
2026-05-17T18:08:36.857187,LEFT,34.9,2,UNCERTAIN,0.0,RIGHT,31.0,LEFT,96.0,212.8,False,uncertain_20260517_180836_856159_conf35_LEFT.jpg
2026-05-17T18:08:37.079471,LEFT,45.4,2,UNCERTAIN,0.0,RIGHT,62.6,LEFT,94.1,205.2,False,uncertain_20260517_180837_078174_conf45_LEFT.jpg
2026-05-17T18:08:37.303039,LEFT,33.7,2,UNCERTAIN,0.0,RIGHT,28.2,LEFT,95.4,211.4,False,uncertain_20260517_180837_302010_conf34_LEFT.jpg
2026-05-17T18:08:37.517742,LEFT,26.3,2,UNCERTAIN,0.0,RIGHT,6.7,LEFT,96.0,201.5,False,uncertain_20260517_180837_516298_conf26_LEFT.jpg
2026-05-17T18:08:37.745483,LEFT,26.4,2,UNCERTAIN,0.0,LEFT,7.1,LEFT,95.6,202.5,False,uncertain_20260517_180837_744116_conf26_LEFT.jpg
2026-05-17T18:08:37.969180,LEFT,25.3,2,UNCERTAIN,0.0,LEFT,5.2,LEFT,93.9,204.7,False,uncertain_20260517_180837_967792_conf25_LEFT.jpg
2026-05-17T18:08:38.195484,RIGHT,25.6,2,UNCERTAIN,0.0,LEFT,6.7,RIGHT,93.0,205.5,False,uncertain_20260517_180838_190914_conf26_RIGHT.jpg
2026-05-17T18:08:38.428226,LEFT,26.5,2,UNCERTAIN,0.0,LEFT,9.2,LEFT,93.0,216.4,False,uncertain_20260517_180838_426995_conf26_LEFT.jpg
2026-05-17T18:08:38.665907,LEFT,25.4,2,UNCERTAIN,0.0,LEFT,5.8,LEFT,93.5,215.1,False,uncertain_20260517_180838_664762_conf25_LEFT.jpg
2026-05-17T18:08:38.884743,LEFT,24.7,2,UNCERTAIN,0.0,LEFT,3.2,LEFT,94.2,208.4,False,uncertain_20260517_180838_883519_conf25_LEFT.jpg
2026-05-17T18:08:39.114848,LEFT,23.7,2,UNCERTAIN,0.0,LEFT,0.7,LEFT,94.0,219.3,False,uncertain_20260517_180839_113599_conf24_LEFT.jpg
2026-05-17T18:08:39.339232,RIGHT,24.2,2,UNCERTAIN,0.0,LEFT,2.1,RIGHT,93.8,212.3,False,uncertain_20260517_180839_337418_conf24_RIGHT.jpg
2026-05-17T18:08:39.566892,RIGHT,25.9,2,UNCERTAIN,0.0,LEFT,6.5,RIGHT,94.4,218.5,False,uncertain_20260517_180839_565845_conf26_RIGHT.jpg
2026-05-17T18:08:39.805169,RIGHT,30.9,2,UNCERTAIN,0.0,LEFT,22.3,RIGHT,92.6,221.2,False,uncertain_20260517_180839_800879_conf31_RIGHT.jpg
2026-05-17T18:08:40.027769,RIGHT,28.5,2,UNCERTAIN,0.0,LEFT,14.4,RIGHT,93.9,212.1,False,uncertain_20260517_180840_026559_conf29_RIGHT.jpg
2026-05-17T18:08:40.245376,LEFT,26.7,2,UNCERTAIN,0.0,LEFT,9.5,LEFT,93.7,207.0,False,uncertain_20260517_180840_243961_conf27_LEFT.jpg
2026-05-17T18:08:40.481035,RIGHT,25.6,2,UNCERTAIN,0.0,LEFT,7.2,RIGHT,92.3,216.9,False,uncertain_20260517_180840_476740_conf26_RIGHT.jpg
2026-05-17T18:08:40.712488,LEFT,27.0,2,UNCERTAIN,0.0,LEFT,9.7,LEFT,94.3,209.6,False,uncertain_20260517_180840_708271_conf27_LEFT.jpg
2026-05-17T18:08:40.938059,LEFT,27.3,2,UNCERTAIN,0.0,LEFT,10.7,LEFT,94.1,211.5,False,uncertain_20260517_180840_936901_conf27_LEFT.jpg
2026-05-17T18:08:41.165653,LEFT,28.1,2,UNCERTAIN,0.0,LEFT,14.8,LEFT,91.6,214.6,False,uncertain_20260517_180841_162938_conf28_LEFT.jpg
2026-05-17T18:08:41.404577,LEFT,24.1,2,UNCERTAIN,0.0,RIGHT,2.6,LEFT,92.5,220.5,False,uncertain_20260517_180841_403098_conf24_LEFT.jpg
2026-05-17T18:08:41.621122,LEFT,24.1,2,UNCERTAIN,0.0,RIGHT,2.5,LEFT,92.8,204.2,False,uncertain_20260517_180841_616759_conf24_LEFT.jpg
2026-05-17T18:08:41.862608,LEFT,25.9,2,UNCERTAIN,0.0,LEFT,11.0,LEFT,88.2,220.9,False,uncertain_20260517_180841_858256_conf26_LEFT.jpg
2026-05-17T18:08:42.099339,LEFT,29.8,2,UNCERTAIN,0.0,LEFT,24.0,LEFT,85.4,222.2,False,uncertain_20260517_180842_097616_conf30_LEFT.jpg
2026-05-17T18:08:42.331512,RIGHT,32.2,2,UNCERTAIN,0.0,LEFT,28.0,RIGHT,89.5,214.9,False,uncertain_20260517_180842_330136_conf32_RIGHT.jpg
2026-05-17T18:08:42.568881,LEFT,29.0,2,UNCERTAIN,0.0,LEFT,19.5,LEFT,88.6,219.6,False,uncertain_20260517_180842_564784_conf29_LEFT.jpg
2026-05-17T18:08:42.793780,LEFT,31.2,2,UNCERTAIN,0.0,LEFT,25.1,LEFT,89.6,211.3,False,uncertain_20260517_180842_792534_conf31_LEFT.jpg
2026-05-17T18:08:43.036317,LEFT,29.4,2,UNCERTAIN,0.0,LEFT,23.0,LEFT,85.5,218.9,False,uncertain_20260517_180843_035199_conf29_LEFT.jpg
2026-05-17T18:08:43.273079,RIGHT,27.3,2,UNCERTAIN,0.0,LEFT,14.6,RIGHT,88.7,228.0,False,uncertain_20260517_180843_271407_conf27_RIGHT.jpg
2026-05-17T18:08:43.511773,RIGHT,39.1,2,UNCERTAIN,0.0,LEFT,49.4,RIGHT,87.4,226.1,False,uncertain_20260517_180843_510350_conf39_RIGHT.jpg
2026-05-17T18:08:43.753337,LEFT,35.9,2,UNCERTAIN,0.0,LEFT,38.0,LEFT,90.3,227.9,False,uncertain_20260517_180843_752217_conf36_LEFT.jpg
2026-05-17T18:08:43.985831,LEFT,36.0,2,UNCERTAIN,0.0,LEFT,39.3,LEFT,89.1,220.0,False,uncertain_20260517_180843_984650_conf36_LEFT.jpg
2026-05-17T18:08:44.239013,LEFT,23.1,2,UNCERTAIN,0.0,LEFT,4.7,LEFT,85.9,232.5,False,uncertain_20260517_180844_237109_conf23_LEFT.jpg
2026-05-17T18:08:44.499613,RIGHT,24.2,2,UNCERTAIN,0.0,LEFT,5.8,RIGHT,88.8,237.7,False,uncertain_20260517_180844_498187_conf24_RIGHT.jpg
2026-05-17T18:08:44.750486,LEFT,24.4,2,UNCERTAIN,0.0,LEFT,5.7,LEFT,89.7,233.1,False,uncertain_20260517_180844_749347_conf24_LEFT.jpg
2026-05-17T18:08:45.018748,RIGHT,23.6,2,UNCERTAIN,0.0,LEFT,3.5,RIGHT,89.7,246.7,False,uncertain_20260517_180845_017368_conf24_RIGHT.jpg
2026-05-17T18:08:45.263527,LEFT,23.3,2,UNCERTAIN,0.0,LEFT,2.5,LEFT,89.8,233.2,False,uncertain_20260517_180845_261900_conf23_LEFT.jpg
2026-05-17T18:08:45.515054,LEFT,24.3,2,UNCERTAIN,0.0,LEFT,5.3,LEFT,89.7,230.3,False,uncertain_20260517_180845_513873_conf24_LEFT.jpg
2026-05-17T18:08:45.776060,LEFT,25.2,2,UNCERTAIN,0.0,LEFT,7.6,LEFT,90.0,249.8,False,uncertain_20260517_180845_775003_conf25_LEFT.jpg
2026-05-17T18:08:46.040471,LEFT,23.5,2,UNCERTAIN,0.0,LEFT,2.8,LEFT,90.3,247.9,False,uncertain_20260517_180846_035985_conf24_LEFT.jpg
2026-05-17T18:08:46.288636,LEFT,23.1,2,UNCERTAIN,0.0,LEFT,1.3,LEFT,90.6,235.9,False,uncertain_20260517_180846_287300_conf23_LEFT.jpg
2026-05-17T18:08:46.561460,RIGHT,22.1,2,UNCERTAIN,0.0,LEFT,0.4,RIGHT,87.9,252.9,False,uncertain_20260517_180846_559567_conf22_RIGHT.jpg
2026-05-17T18:08:46.839821,LEFT,22.0,2,UNCERTAIN,0.0,LEFT,1.0,LEFT,86.8,259.1,False,uncertain_20260517_180846_838589_conf22_LEFT.jpg
2026-05-17T18:08:47.105219,RIGHT,25.0,2,UNCERTAIN,0.0,LEFT,6.9,RIGHT,90.2,252.3,False,uncertain_20260517_180847_103658_conf25_RIGHT.jpg
2026-05-17T18:08:47.360573,LEFT,24.8,2,UNCERTAIN,0.0,LEFT,5.2,LEFT,91.9,236.6,False,uncertain_20260517_180847_359164_conf25_LEFT.jpg
2026-05-17T18:08:47.609752,LEFT,23.2,2,UNCERTAIN,0.0,RIGHT,1.8,LEFT,90.2,230.3,False,uncertain_20260517_180847_608376_conf23_LEFT.jpg
2026-05-17T18:08:47.854393,RIGHT,25.6,2,RIGHT,0.1,RIGHT,6.2,RIGHT,93.5,228.8,False,uncertain_20260517_180847_849905_conf26_RIGHT.jpg
2026-05-17T18:08:48.090475,RIGHT,23.9,2,RIGHT,0.4,LEFT,0.6,RIGHT,93.9,215.5,False,uncertain_20260517_180848_089181_conf24_RIGHT.jpg
2026-05-17T18:08:48.330976,RIGHT,23.1,2,RIGHT,0.4,LEFT,1.2,RIGHT,89.9,229.8,False,uncertain_20260517_180848_329536_conf23_RIGHT.jpg
2026-05-17T18:08:48.582806,RIGHT,25.7,2,RIGHT,0.4,RIGHT,8.9,RIGHT,89.9,238.1,False,uncertain_20260517_180848_581626_conf26_RIGHT.jpg
2026-05-17T18:08:48.832858,LEFT,27.4,2,RIGHT,0.4,RIGHT,12.8,LEFT,90.9,233.5,False,uncertain_20260517_180848_831301_conf27_LEFT.jpg
2026-05-17T18:08:49.080842,LEFT,24.5,2,RIGHT,0.2,LEFT,5.3,LEFT,90.3,232.2,False,uncertain_20260517_180849_079712_conf25_LEFT.jpg
2026-05-17T18:08:49.326766,LEFT,24.5,2,RIGHT,0.1,RIGHT,4.8,LEFT,91.1,232.8,False,uncertain_20260517_180849_325206_conf24_LEFT.jpg
2026-05-17T18:08:49.595368,RIGHT,27.7,2,RIGHT,0.3,RIGHT,13.6,RIGHT,91.2,246.5,False,uncertain_20260517_180849_592967_conf28_RIGHT.jpg
2026-05-17T18:08:49.836054,RIGHT,30.9,2,RIGHT,0.3,RIGHT,20.4,RIGHT,94.6,230.1,False,uncertain_20260517_180849_834661_conf31_RIGHT.jpg
2026-05-17T18:08:50.088366,RIGHT,27.5,2,RIGHT,0.4,RIGHT,10.8,RIGHT,94.3,226.5,False,uncertain_20260517_180850_087062_conf28_RIGHT.jpg
2026-05-17T18:08:50.339013,LEFT,29.1,2,RIGHT,0.4,RIGHT,17.5,LEFT,91.2,238.9,False,uncertain_20260517_180850_337862_conf29_LEFT.jpg
2026-05-17T18:08:50.583923,RIGHT,27.7,2,RIGHT,0.4,RIGHT,14.0,RIGHT,90.3,233.3,False,uncertain_20260517_180850_582716_conf28_RIGHT.jpg
2026-05-17T18:08:50.816649,LEFT,22.4,2,RIGHT,0.3,RIGHT,0.7,LEFT,88.3,222.0,False,uncertain_20260517_180850_815505_conf22_LEFT.jpg
2026-05-17T18:08:51.079831,RIGHT,25.0,2,RIGHT,0.4,RIGHT,6.6,RIGHT,90.3,242.5,False,uncertain_20260517_180851_078343_conf25_RIGHT.jpg
2026-05-17T18:08:51.329271,RIGHT,24.3,2,RIGHT,0.5,RIGHT,3.5,RIGHT,91.7,228.3,False,uncertain_20260517_180851_327605_conf24_RIGHT.jpg
2026-05-17T18:08:51.583140,LEFT,27.0,2,RIGHT,0.5,RIGHT,13.8,LEFT,88.0,234.2,False,uncertain_20260517_180851_581812_conf27_LEFT.jpg
2026-05-17T18:08:51.835148,RIGHT,31.8,2,RIGHT,0.5,LEFT,24.8,RIGHT,91.6,229.8,False,uncertain_20260517_180851_833963_conf32_RIGHT.jpg
2026-05-17T18:08:52.082098,LEFT,28.5,2,RIGHT,0.4,LEFT,17.3,LEFT,89.0,236.3,False,uncertain_20260517_180852_080875_conf28_LEFT.jpg
2026-05-17T18:08:52.380618,RIGHT,34.8,2,RIGHT,1.0,LEFT,34.0,RIGHT,90.1,289.4,False,uncertain_20260517_180852_379191_conf35_RIGHT.jpg
2026-05-17T18:08:52.671663,RIGHT,29.9,2,RIGHT,1.4,RIGHT,19.6,RIGHT,89.9,276.2,False,uncertain_20260517_180852_667183_conf30_RIGHT.jpg
2026-05-17T18:08:52.916195,LEFT,28.8,2,RIGHT,1.1,RIGHT,16.2,LEFT,90.9,235.2,False,uncertain_20260517_180852_914944_conf29_LEFT.jpg
2026-05-17T18:08:53.234681,RIGHT,27.4,2,RIGHT,0.7,RIGHT,12.5,RIGHT,91.1,299.3,False,uncertain_20260517_180853_230255_conf27_RIGHT.jpg
2026-05-17T18:08:53.466079,RIGHT,27.2,2,UNCERTAIN,0.0,RIGHT,11.3,RIGHT,92.9,220.3,False,uncertain_20260517_180853_464533_conf27_RIGHT.jpg
2026-05-17T18:08:53.695947,LEFT,33.3,2,RIGHT,3.8,RIGHT,28.0,LEFT,87.7,217.6,False,uncertain_20260517_180853_694785_conf33_LEFT.jpg
2026-05-17T18:08:53.946123,LEFT,24.3,2,UNCERTAIN,0.0,LEFT,5.5,LEFT,89.7,229.0,False,uncertain_20260517_180853_944832_conf24_LEFT.jpg
2026-05-17T18:08:54.182150,LEFT,27.5,2,UNCERTAIN,0.0,RIGHT,12.1,LEFT,93.2,224.7,False,uncertain_20260517_180854_180595_conf28_LEFT.jpg
2026-05-17T18:08:54.424521,LEFT,24.5,2,UNCERTAIN,0.0,LEFT,3.9,LEFT,92.6,226.3,False,uncertain_20260517_180854_422672_conf25_LEFT.jpg
2026-05-17T18:08:54.658655,RIGHT,22.9,2,UNCERTAIN,0.0,RIGHT,1.6,RIGHT,89.1,221.0,False,uncertain_20260517_180854_657288_conf23_RIGHT.jpg
2026-05-17T18:08:54.891808,RIGHT,28.2,2,UNCERTAIN,0.0,LEFT,17.8,RIGHT,87.7,221.9,False,uncertain_20260517_180854_890606_conf28_RIGHT.jpg
2026-05-17T18:08:55.117798,LEFT,25.0,2,UNCERTAIN,0.0,LEFT,6.6,LEFT,90.9,215.1,False,uncertain_20260517_180855_116587_conf25_LEFT.jpg
2026-05-17T18:08:55.337511,LEFT,43.0,2,UNCERTAIN,0.0,LEFT,58.3,LEFT,90.3,208.0,False,uncertain_20260517_180855_336260_conf43_LEFT.jpg
2026-05-17T18:08:55.592111,LEFT,40.1,2,UNCERTAIN,0.0,RIGHT,49.5,LEFT,90.9,242.0,False,uncertain_20260517_180855_589730_conf40_LEFT.jpg
2026-05-17T18:08:55.853141,RIGHT,27.0,2,UNCERTAIN,0.0,LEFT,10.5,RIGHT,93.3,241.6,False,uncertain_20260517_180855_851623_conf27_RIGHT.jpg
2026-05-17T18:08:56.070828,LEFT,24.4,2,UNCERTAIN,0.0,LEFT,2.8,LEFT,93.8,208.4,False,uncertain_20260517_180856_069703_conf24_LEFT.jpg
2026-05-17T18:08:56.286785,RIGHT,26.8,2,UNCERTAIN,0.0,LEFT,8.4,RIGHT,95.4,204.5,False,uncertain_20260517_180856_282559_conf27_RIGHT.jpg
2026-05-17T18:08:56.501529,LEFT,36.6,2,UNCERTAIN,0.0,RIGHT,36.5,LEFT,95.3,205.7,False,uncertain_20260517_180856_500327_conf37_LEFT.jpg
2026-05-17T18:08:56.783291,LEFT,36.2,2,UNCERTAIN,0.0,RIGHT,35.6,LEFT,94.8,254.8,False,uncertain_20260517_180856_782236_conf36_LEFT.jpg
2026-05-17T18:08:57.021876,LEFT,33.4,2,UNCERTAIN,0.0,RIGHT,27.8,LEFT,94.9,223.2,False,uncertain_20260517_180857_019601_conf33_LEFT.jpg
2026-05-17T18:08:57.237754,RIGHT,32.0,2,UNCERTAIN,0.0,RIGHT,24.9,RIGHT,93.0,207.1,False,uncertain_20260517_180857_236573_conf32_RIGHT.jpg
2026-05-17T18:08:57.461670,RIGHT,31.9,2,UNCERTAIN,0.0,RIGHT,23.5,RIGHT,94.9,216.0,False,uncertain_20260517_180857_460489_conf32_RIGHT.jpg
2026-05-17T18:08:57.687020,RIGHT,31.5,2,UNCERTAIN,0.0,RIGHT,22.5,RIGHT,94.7,210.7,False,uncertain_20260517_180857_685920_conf32_RIGHT.jpg
2026-05-17T18:08:57.914171,LEFT,31.0,2,UNCERTAIN,0.0,RIGHT,21.3,LEFT,94.2,209.3,False,uncertain_20260517_180857_912844_conf31_LEFT.jpg
2026-05-17T18:08:58.136673,LEFT,32.4,2,UNCERTAIN,0.0,RIGHT,25.1,LEFT,94.5,211.5,False,uncertain_20260517_180858_135498_conf32_LEFT.jpg
2026-05-17T18:08:58.359774,RIGHT,32.4,2,UNCERTAIN,0.0,RIGHT,25.1,RIGHT,94.6,213.1,False,uncertain_20260517_180858_358727_conf32_RIGHT.jpg
2026-05-17T18:08:58.586524,LEFT,34.3,2,UNCERTAIN,0.0,RIGHT,29.4,LEFT,96.2,211.5,False,uncertain_20260517_180858_585395_conf34_LEFT.jpg
2026-05-17T18:08:58.797112,LEFT,33.9,2,UNCERTAIN,0.0,RIGHT,29.0,LEFT,95.0,200.4,False,uncertain_20260517_180858_796026_conf34_LEFT.jpg
2026-05-17T18:08:59.019280,RIGHT,33.3,2,UNCERTAIN,0.0,RIGHT,27.6,RIGHT,94.7,199.1,False,uncertain_20260517_180859_018064_conf33_RIGHT.jpg
2026-05-17T18:08:59.239106,RIGHT,34.4,2,UNCERTAIN,0.0,RIGHT,30.8,RIGHT,94.5,204.5,False,uncertain_20260517_180859_236621_conf34_RIGHT.jpg
2026-05-17T18:08:59.457121,LEFT,33.2,2,UNCERTAIN,0.0,RIGHT,27.3,LEFT,94.6,205.8,False,uncertain_20260517_180859_455924_conf33_LEFT.jpg
2026-05-17T18:08:59.708818,RIGHT,34.3,2,UNCERTAIN,0.0,RIGHT,30.4,RIGHT,94.5,242.6,False,uncertain_20260517_180859_707399_conf34_RIGHT.jpg
2026-05-17T18:08:59.944098,RIGHT,34.1,2,UNCERTAIN,0.0,RIGHT,29.9,RIGHT,94.5,224.4,False,uncertain_20260517_180859_942866_conf34_RIGHT.jpg
2026-05-17T18:09:00.172256,RIGHT,33.9,2,UNCERTAIN,0.0,RIGHT,29.5,RIGHT,94.4,214.2,False,uncertain_20260517_180900_168082_conf34_RIGHT.jpg
2026-05-17T18:09:00.405368,RIGHT,33.1,2,UNCERTAIN,0.0,RIGHT,27.0,RIGHT,94.6,225.1,False,uncertain_20260517_180900_404166_conf33_RIGHT.jpg
2026-05-17T18:09:00.623506,RIGHT,34.0,2,UNCERTAIN,0.0,RIGHT,29.7,RIGHT,94.5,201.3,False,uncertain_20260517_180900_622360_conf34_RIGHT.jpg
2026-05-17T18:09:01.494011,RIGHT,33.4,2,UNCERTAIN,0.0,RIGHT,27.9,RIGHT,94.5,848.7,False,uncertain_20260517_180901_488009_conf33_RIGHT.jpg
2026-05-17T18:09:02.866229,LEFT,34.3,2,UNCERTAIN,0.0,RIGHT,29.8,LEFT,95.5,1334.9,False,uncertain_20260517_180902_859953_conf34_LEFT.jpg
2026-05-17T18:09:04.206197,RIGHT,33.5,2,UNCERTAIN,0.0,RIGHT,27.8,RIGHT,95.2,1296.6,False,uncertain_20260517_180904_199240_conf34_RIGHT.jpg
2026-05-17T18:09:04.873672,LEFT,34.8,2,UNCERTAIN,0.0,RIGHT,30.9,LEFT,95.8,611.8,False,uncertain_20260517_180904_872451_conf35_LEFT.jpg
2026-05-17T18:09:05.109127,RIGHT,32.7,2,UNCERTAIN,0.0,RIGHT,26.0,RIGHT,94.3,216.9,False,uncertain_20260517_180905_108020_conf33_RIGHT.jpg
2026-05-17T18:09:05.388561,RIGHT,33.1,2,UNCERTAIN,0.0,RIGHT,26.7,RIGHT,95.0,260.9,False,uncertain_20260517_180905_387004_conf33_RIGHT.jpg
2026-05-17T18:09:05.642528,LEFT,34.0,2,UNCERTAIN,0.0,RIGHT,29.3,LEFT,94.8,245.1,False,uncertain_20260517_180905_641292_conf34_LEFT.jpg
2026-05-17T18:09:05.881554,LEFT,33.7,2,UNCERTAIN,0.0,RIGHT,28.0,LEFT,95.6,218.1,False,uncertain_20260517_180905_880357_conf34_LEFT.jpg
2026-05-17T18:09:06.172033,LEFT,32.0,2,UNCERTAIN,0.0,RIGHT,24.0,LEFT,94.4,281.4,False,uncertain_20260517_180906_171022_conf32_LEFT.jpg
2026-05-17T18:09:06.444026,RIGHT,34.2,2,UNCERTAIN,0.0,RIGHT,29.7,RIGHT,95.4,258.7,False,uncertain_20260517_180906_442966_conf34_RIGHT.jpg
2026-05-17T18:09:06.678858,LEFT,36.0,2,UNCERTAIN,0.0,RIGHT,34.4,LEFT,95.8,216.6,False,uncertain_20260517_180906_677774_conf36_LEFT.jpg
2026-05-17T18:09:06.955270,LEFT,34.6,2,UNCERTAIN,0.0,RIGHT,30.5,LEFT,95.6,264.3,False,uncertain_20260517_180906_952919_conf35_LEFT.jpg
2026-05-17T18:09:07.242686,RIGHT,34.5,2,UNCERTAIN,0.0,RIGHT,30.3,RIGHT,95.5,276.3,False,uncertain_20260517_180907_240528_conf34_RIGHT.jpg
2026-05-17T18:09:07.526845,RIGHT,34.5,2,UNCERTAIN,0.0,RIGHT,30.0,RIGHT,96.1,272.5,False,uncertain_20260517_180907_525236_conf35_RIGHT.jpg
2026-05-17T18:09:07.744097,RIGHT,35.1,2,UNCERTAIN,0.0,RIGHT,32.7,RIGHT,94.7,207.2,False,uncertain_20260517_180907_742712_conf35_RIGHT.jpg
